manual_id,section_id,page_sampled,checklist_ref,result,severity,evidence,notes
2002_Service_Manual_TI,sec_0001,1,5.4-hierarchy_level,,,,
2002_Service_Manual_TI,sec_0001,1,5.4-parent_child,,,,
2002_Service_Manual_TI,sec_0001,1,5.4-page_start_end,,,,
2002_Service_Manual_TI,sec_0001,1,5.4-hierarchy_path,,,,
2002_Service_Manual_TI,sec_0001,1,5.4-gaps_duplicates,,,,
2002_Service_Manual_TI,sec_0001,1,5.4-flagged_for_review,,,,
2002_Service_Manual_TI,sec_0001,1,5.4-structural_source,,,,
2002_Service_Manual_TI,sec_0001,1,5.6-numbering_scheme,,,,
2002_Service_Manual_TI,sec_0001,1,5.6-offset_applied,,,,
2002_Service_Manual_TI,sec_0001,1,5.5-filters_discarding,,,,
2002_Service_Manual_TI,sec_0001,1,5.5-filters_passing_noise,,,,
2002_Service_Manual_TI,sec_0001,1,5.5-image_section_mapping,,,,
2002_Service_Manual_TI,sec_0002,1,5.4-hierarchy_level,,,,
2002_Service_Manual_TI,sec_0002,1,5.4-parent_child,,,,
2002_Service_Manual_TI,sec_0002,1,5.4-page_start_end,,,,
2002_Service_Manual_TI,sec_0002,1,5.4-hierarchy_path,,,,
2002_Service_Manual_TI,sec_0002,1,5.4-gaps_duplicates,,,,
2002_Service_Manual_TI,sec_0002,1,5.4-flagged_for_review,,,,
2002_Service_Manual_TI,sec_0002,1,5.4-structural_source,,,,
2002_Service_Manual_TI,sec_0002,1,5.6-numbering_scheme,,,,
2002_Service_Manual_TI,sec_0002,1,5.6-offset_applied,,,,
2002_Service_Manual_TI,sec_0002,1,5.6-table_content,,,,
2002_Service_Manual_TI,sec_0002,1,5.5-filters_discarding,,,,
2002_Service_Manual_TI,sec_0002,1,5.5-filters_passing_noise,,,,
2002_Service_Manual_TI,sec_0002,1,5.5-image_section_mapping,,,,
2002_Service_Manual_TI,sec_0004,8,5.4-hierarchy_level,,,,
2002_Service_Manual_TI,sec_0004,8,5.4-parent_child,,,,
2002_Service_Manual_TI,sec_0004,8,5.4-page_start_end,,,,
2002_Service_Manual_TI,sec_0004,8,5.4-hierarchy_path,,,,
2002_Service_Manual_TI,sec_0004,8,5.4-gaps_duplicates,,,,
2002_Service_Manual_TI,sec_0004,8,5.4-flagged_for_review,,,,
2002_Service_Manual_TI,sec_0004,8,5.4-structural_source,,,,
2002_Service_Manual_TI,sec_0004,8,5.6-numbering_scheme,,,,
2002_Service_Manual_TI,sec_0004,8,5.6-offset_applied,,,,
2002_Service_Manual_TI,sec_0004,8,5.6-table_content,,,,
2002_Service_Manual_TI,sec_0004,8,5.5-filters_discarding,,,,
2002_Service_Manual_TI,sec_0004,8,5.5-filters_passing_noise,,,,
2002_Service_Manual_TI,sec_0004,8,5.5-image_section_mapping,,,,
2002_Service_Manual_TI,sec_0005,14,5.4-hierarchy_level,,,,
2002_Service_Manual_TI,sec_0005,14,5.4-parent_child,,,,
2002_Service_Manual_TI,sec_0005,14,5.4-page_start_end,,,,
2002_Service_Manual_TI,sec_0005,14,5.4-hierarchy_path,,,,
2002_Service_Manual_TI,sec_0005,14,5.4-gaps_duplicates,,,,
2002_Service_Manual_TI,sec_0005,14,5.4-flagged_for_review,,,,
2002_Service_Manual_TI,sec_0005,14,5.4-structural_source,,,,
2002_Service_Manual_TI,sec_0005,14,5.6-numbering_scheme,,,,
2002_Service_Manual_TI,sec_0005,14,5.6-offset_applied,,,,
2002_Service_Manual_TI,sec_0005,14,5.6-table_content,,,,
2002_Service_Manual_TI,sec_0005,14,5.5-filters_discarding,,,,
2002_Service_Manual_TI,sec_0005,14,5.5-filters_passing_noise,,,,
2002_Service_Manual_TI,sec_0005,14,5.5-image_section_mapping,,,,
2002_Service_Manual_TI,sec_0006,21,5.4-hierarchy_level,,,,
2002_Service_Manual_TI,sec_0006,21,5.4-parent_child,,,,
2002_Service_Manual_TI,sec_0006,21,5.4-page_start_end,,,,
2002_Service_Manual_TI,sec_0006,21,5.4-hierarchy_path,,,,
2002_Service_Manual_TI,sec_0006,21,5.4-gaps_duplicates,,,,
2002_Service_Manual_TI,sec_0006,21,5.4-flagged_for_review,,,,
2002_Service_Manual_TI,sec_0006,21,5.4-structural_source,,,,
2002_Service_Manual_TI,sec_0006,21,5.6-numbering_scheme,,,,
2002_Service_Manual_TI,sec_0006,21,5.6-offset_applied,,,,
2002_Service_Manual_TI,sec_0006,21,5.6-table_content,,,,
2002_Service_Manual_TI,sec_0006,21,5.5-filters_discarding,,,,
2002_Service_Manual_TI,sec_0006,21,5.5-filters_passing_noise,,,,
2002_Service_Manual_TI,sec_0006,21,5.5-image_section_mapping,,,,
2002_Service_Manual_TI,sec_0007,22,5.4-hierarchy_level,,,,
2002_Service_Manual_TI,sec_0007,22,5.4-parent_child,,,,
2002_Service_Manual_TI,sec_0007,22,5.4-page_start_end,,,,
2002_Service_Manual_TI,sec_0007,22,5.4-hierarchy_path,,,,
2002_Service_Manual_TI,sec_0007,22,5.4-gaps_duplicates,,,,
2002_Service_Manual_TI,sec_0007,22,5.4-flagged_for_review,,,,
2002_Service_Manual_TI,sec_0007,22,5.4-structural_source,,,,
2002_Service_Manual_TI,sec_0007,22,5.6-numbering_scheme,,,,
2002_Service_Manual_TI,sec_0007,22,5.6-offset_applied,,,,
2002_Service_Manual_TI,sec_0007,22,5.5-filters_discarding,,,,
2002_Service_Manual_TI,sec_0007,22,5.5-filters_passing_noise,,,,
2002_Service_Manual_TI,sec_0007,22,5.5-image_section_mapping,,,,
2002_Service_Manual_TI,sec_0009,28,5.4-hierarchy_level,,,,
2002_Service_Manual_TI,sec_0009,28,5.4-parent_child,,,,
2002_Service_Manual_TI,sec_0009,28,5.4-page_start_end,,,,
2002_Service_Manual_TI,sec_0009,28,5.4-hierarchy_path,,,,
2002_Service_Manual_TI,sec_0009,28,5.4-gaps_duplicates,,,,
2002_Service_Manual_TI,sec_0009,28,5.4-flagged_for_review,,,,
2002_Service_Manual_TI,sec_0009,28,5.4-structural_source,,,,
2002_Service_Manual_TI,sec_0009,28,5.6-numbering_scheme,,,,
2002_Service_Manual_TI,sec_0009,28,5.6-offset_applied,,,,
2002_Service_Manual_TI,sec_0009,28,5.5-filters_discarding,,,,
2002_Service_Manual_TI,sec_0009,28,5.5-filters_passing_noise,,,,
2002_Service_Manual_TI,sec_0009,28,5.5-image_section_mapping,,,,
2002_Service_Manual_TI,sec_0010,41,5.4-hierarchy_level,,,,
2002_Service_Manual_TI,sec_0010,41,5.4-parent_child,,,,
2002_Service_Manual_TI,sec_0010,41,5.4-page_start_end,,,,
2002_Service_Manual_TI,sec_0010,41,5.4-hierarchy_path,,,,
2002_Service_Manual_TI,sec_0010,41,5.4-gaps_duplicates,,,,
2002_Service_Manual_TI,sec_0010,41,5.4-flagged_for_review,,,,
2002_Service_Manual_TI,sec_0010,41,5.4-structural_source,,,,
2002_Service_Manual_TI,sec_0010,41,5.6-numbering_scheme,,,,
2002_Service_Manual_TI,sec_0010,41,5.6-offset_applied,,,,
2002_Service_Manual_TI,sec_0010,41,5.5-filters_discarding,,,,
2002_Service_Manual_TI,sec_0010,41,5.5-filters_passing_noise,,,,
2002_Service_Manual_TI,sec_0010,41,5.5-image_section_mapping,,,,
2002_Service_Manual_TI,sec_0011,54,5.4-hierarchy_level,,,,
2002_Service_Manual_TI,sec_0011,54,5.4-parent_child,,,,
2002_Service_Manual_TI,sec_0011,54,5.4-page_start_end,,,,
2002_Service_Manual_TI,sec_0011,54,5.4-hierarchy_path,,,,
2002_Service_Manual_TI,sec_0011,54,5.4-gaps_duplicates,,,,
2002_Service_Manual_TI,sec_0011,54,5.4-flagged_for_review,,,,
2002_Service_Manual_TI,sec_0011,54,5.4-structural_source,,,,
2002_Service_Manual_TI,sec_0011,54,5.6-numbering_scheme,,,,
2002_Service_Manual_TI,sec_0011,54,5.6-offset_applied,,,,
2002_Service_Manual_TI,sec_0011,54,5.6-table_content,,,,
2002_Service_Manual_TI,sec_0011,54,5.5-filters_discarding,,,,
2002_Service_Manual_TI,sec_0011,54,5.5-filters_passing_noise,,,,
2002_Service_Manual_TI,sec_0011,54,5.5-image_section_mapping,,,,
2002_Service_Manual_TI,sec_0015,61,5.4-hierarchy_level,,,,
2002_Service_Manual_TI,sec_0015,61,5.4-parent_child,,,,
2002_Service_Manual_TI,sec_0015,61,5.4-page_start_end,,,,
2002_Service_Manual_TI,sec_0015,61,5.4-hierarchy_path,,,,
2002_Service_Manual_TI,sec_0015,61,5.4-gaps_duplicates,,,,
2002_Service_Manual_TI,sec_0015,61,5.4-flagged_for_review,,,,
2002_Service_Manual_TI,sec_0015,61,5.4-structural_source,,,,
2002_Service_Manual_TI,sec_0015,61,5.6-numbering_scheme,,,,
2002_Service_Manual_TI,sec_0015,61,5.6-offset_applied,,,,
2002_Service_Manual_TI,sec_0015,61,5.5-filters_discarding,,,,
2002_Service_Manual_TI,sec_0015,61,5.5-filters_passing_noise,,,,
2002_Service_Manual_TI,sec_0015,61,5.5-image_section_mapping,,,,
2002_Service_Manual_TI,sec_0016,68,5.4-hierarchy_level,,,,
2002_Service_Manual_TI,sec_0016,68,5.4-parent_child,,,,
2002_Service_Manual_TI,sec_0016,68,5.4-page_start_end,,,,
2002_Service_Manual_TI,sec_0016,68,5.4-hierarchy_path,,,,
2002_Service_Manual_TI,sec_0016,68,5.4-gaps_duplicates,,,,
2002_Service_Manual_TI,sec_0016,68,5.4-flagged_for_review,,,,
2002_Service_Manual_TI,sec_0016,68,5.4-structural_source,,,,
2002_Service_Manual_TI,sec_0016,68,5.6-numbering_scheme,,,,
2002_Service_Manual_TI,sec_0016,68,5.6-offset_applied,,,,
2002_Service_Manual_TI,sec_0016,68,5.5-filters_discarding,,,,
2002_Service_Manual_TI,sec_0016,68,5.5-filters_passing_noise,,,,
2002_Service_Manual_TI,sec_0016,68,5.5-image_section_mapping,,,,
2002_Service_Manual_TI,sec_0017,74,5.4-hierarchy_level,,,,
2002_Service_Manual_TI,sec_0017,74,5.4-parent_child,,,,
2002_Service_Manual_TI,sec_0017,74,5.4-page_start_end,,,,
2002_Service_Manual_TI,sec_0017,74,5.4-hierarchy_path,,,,
2002_Service_Manual_TI,sec_0017,74,5.4-gaps_duplicates,,,,
2002_Service_Manual_TI,sec_0017,74,5.4-flagged_for_review,,,,
2002_Service_Manual_TI,sec_0017,74,5.4-structural_source,,,,
2002_Service_Manual_TI,sec_0017,74,5.6-numbering_scheme,,,,
2002_Service_Manual_TI,sec_0017,74,5.6-offset_applied,,,,
2002_Service_Manual_TI,sec_0017,74,5.5-filters_discarding,,,,
2002_Service_Manual_TI,sec_0017,74,5.5-filters_passing_noise,,,,
2002_Service_Manual_TI,sec_0017,74,5.5-image_section_mapping,,,,
2002_Service_Manual_TI,sec_0018,88,5.4-hierarchy_level,,,,
2002_Service_Manual_TI,sec_0018,88,5.4-parent_child,,,,
2002_Service_Manual_TI,sec_0018,88,5.4-page_start_end,,,,
2002_Service_Manual_TI,sec_0018,88,5.4-hierarchy_path,,,,
2002_Service_Manual_TI,sec_0018,88,5.4-gaps_duplicates,,,,
2002_Service_Manual_TI,sec_0018,88,5.4-flagged_for_review,,,,
2002_Service_Manual_TI,sec_0018,88,5.4-structural_source,,,,
2002_Service_Manual_TI,sec_0018,88,5.6-numbering_scheme,,,,
2002_Service_Manual_TI,sec_0018,88,5.6-offset_applied,,,,
2002_Service_Manual_TI,sec_0018,88,5.6-table_content,,,,
2002_Service_Manual_TI,sec_0018,88,5.5-filters_discarding,,,,
2002_Service_Manual_TI,sec_0018,88,5.5-filters_passing_noise,,,,
2002_Service_Manual_TI,sec_0018,88,5.5-image_section_mapping,,,,
2002_Service_Manual_TI,sec_0021,94,5.4-hierarchy_level,,,,
2002_Service_Manual_TI,sec_0021,94,5.4-parent_child,,,,
2002_Service_Manual_TI,sec_0021,94,5.4-page_start_end,,,,
2002_Service_Manual_TI,sec_0021,94,5.4-hierarchy_path,,,,
2002_Service_Manual_TI,sec_0021,94,5.4-gaps_duplicates,,,,
2002_Service_Manual_TI,sec_0021,94,5.4-flagged_for_review,,,,
2002_Service_Manual_TI,sec_0021,94,5.4-structural_source,,,,
2002_Service_Manual_TI,sec_0021,94,5.6-numbering_scheme,,,,
2002_Service_Manual_TI,sec_0021,94,5.6-offset_applied,,,,
2002_Service_Manual_TI,sec_0021,94,5.6-table_content,,,,
2002_Service_Manual_TI,sec_0021,94,5.5-filters_discarding,,,,
2002_Service_Manual_TI,sec_0021,94,5.5-filters_passing_noise,,,,
2002_Service_Manual_TI,sec_0021,94,5.5-image_section_mapping,,,,
2002_Service_Manual_TI,sec_0025,101,5.4-hierarchy_level,,,,
2002_Service_Manual_TI,sec_0025,101,5.4-parent_child,,,,
2002_Service_Manual_TI,sec_0025,101,5.4-page_start_end,,,,
2002_Service_Manual_TI,sec_0025,101,5.4-hierarchy_path,,,,
2002_Service_Manual_TI,sec_0025,101,5.4-gaps_duplicates,,,,
2002_Service_Manual_TI,sec_0025,101,5.4-flagged_for_review,,,,
2002_Service_Manual_TI,sec_0025,101,5.4-structural_source,,,,
2002_Service_Manual_TI,sec_0025,101,5.6-numbering_scheme,,,,
2002_Service_Manual_TI,sec_0025,101,5.6-offset_applied,,,,
2002_Service_Manual_TI,sec_0025,101,5.5-filters_discarding,,,,
2002_Service_Manual_TI,sec_0025,101,5.5-filters_passing_noise,,,,
2002_Service_Manual_TI,sec_0025,101,5.5-image_section_mapping,,,,
2002_Service_Manual_TI,sec_0028,108,5.4-hierarchy_level,,,,
2002_Service_Manual_TI,sec_0028,108,5.4-parent_child,,,,
2002_Service_Manual_TI,sec_0028,108,5.4-page_start_end,,,,
2002_Service_Manual_TI,sec_0028,108,5.4-hierarchy_path,,,,
2002_Service_Manual_TI,sec_0028,108,5.4-gaps_duplicates,,,,
2002_Service_Manual_TI,sec_0028,108,5.4-flagged_for_review,,,,
2002_Service_Manual_TI,sec_0028,108,5.4-structural_source,,,,
2002_Service_Manual_TI,sec_0028,108,5.6-numbering_scheme,,,,
2002_Service_Manual_TI,sec_0028,108,5.6-offset_applied,,,,
2002_Service_Manual_TI,sec_0028,108,5.5-filters_discarding,,,,
2002_Service_Manual_TI,sec_0028,108,5.5-filters_passing_noise,,,,
2002_Service_Manual_TI,sec_0028,108,5.5-image_section_mapping,,,,
2002_Service_Manual_TI,sec_0032,115,5.4-hierarchy_level,,,,
2002_Service_Manual_TI,sec_0032,115,5.4-parent_child,,,,
2002_Service_Manual_TI,sec_0032,115,5.4-page_start_end,,,,
2002_Service_Manual_TI,sec_0032,115,5.4-hierarchy_path,,,,
2002_Service_Manual_TI,sec_0032,115,5.4-gaps_duplicates,,,,
2002_Service_Manual_TI,sec_0032,115,5.4-flagged_for_review,,,,
2002_Service_Manual_TI,sec_0032,115,5.4-structural_source,,,,
2002_Service_Manual_TI,sec_0032,115,5.6-numbering_scheme,,,,
2002_Service_Manual_TI,sec_0032,115,5.6-offset_applied,,,,
2002_Service_Manual_TI,sec_0032,115,5.5-filters_discarding,,,,
2002_Service_Manual_TI,sec_0032,115,5.5-filters_passing_noise,,,,
2002_Service_Manual_TI,sec_0032,115,5.5-image_section_mapping,,,,
2002_Service_Manual_TI,sec_0036,121,5.4-hierarchy_level,,,,
2002_Service_Manual_TI,sec_0036,121,5.4-parent_child,,,,
2002_Service_Manual_TI,sec_0036,121,5.4-page_start_end,,,,
2002_Service_Manual_TI,sec_0036,121,5.4-hierarchy_path,,,,
2002_Service_Manual_TI,sec_0036,121,5.4-gaps_duplicates,,,,
2002_Service_Manual_TI,sec_0036,121,5.4-flagged_for_review,,,,
2002_Service_Manual_TI,sec_0036,121,5.4-structural_source,,,,
2002_Service_Manual_TI,sec_0036,121,5.6-numbering_scheme,,,,
2002_Service_Manual_TI,sec_0036,121,5.6-offset_applied,,,,
2002_Service_Manual_TI,sec_0036,121,5.5-filters_discarding,,,,
2002_Service_Manual_TI,sec_0036,121,5.5-filters_passing_noise,,,,
2002_Service_Manual_TI,sec_0036,121,5.5-image_section_mapping,,,,
2002_Service_Manual_TI,sec_0041,128,5.4-hierarchy_level,,,,
2002_Service_Manual_TI,sec_0041,128,5.4-parent_child,,,,
2002_Service_Manual_TI,sec_0041,128,5.4-page_start_end,,,,
2002_Service_Manual_TI,sec_0041,128,5.4-hierarchy_path,,,,
2002_Service_Manual_TI,sec_0041,128,5.4-gaps_duplicates,,,,
2002_Service_Manual_TI,sec_0041,128,5.4-flagged_for_review,,,,
2002_Service_Manual_TI,sec_0041,128,5.4-structural_source,,,,
2002_Service_Manual_TI,sec_0041,128,5.6-numbering_scheme,,,,
2002_Service_Manual_TI,sec_0041,128,5.6-offset_applied,,,,
2002_Service_Manual_TI,sec_0041,128,5.5-filters_discarding,,,,
2002_Service_Manual_TI,sec_0041,128,5.5-filters_passing_noise,,,,
2002_Service_Manual_TI,sec_0041,128,5.5-image_section_mapping,,,,
2002_Service_Manual_TI,sec_0047,135,5.4-hierarchy_level,,,,
2002_Service_Manual_TI,sec_0047,135,5.4-parent_child,,,,
2002_Service_Manual_TI,sec_0047,135,5.4-page_start_end,,,,
2002_Service_Manual_TI,sec_0047,135,5.4-hierarchy_path,,,,
2002_Service_Manual_TI,sec_0047,135,5.4-gaps_duplicates,,,,
2002_Service_Manual_TI,sec_0047,135,5.4-flagged_for_review,,,,
2002_Service_Manual_TI,sec_0047,135,5.4-structural_source,,,,
2002_Service_Manual_TI,sec_0047,135,5.6-numbering_scheme,,,,
2002_Service_Manual_TI,sec_0047,135,5.6-offset_applied,,,,
2002_Service_Manual_TI,sec_0047,135,5.5-filters_discarding,,,,
2002_Service_Manual_TI,sec_0047,135,5.5-filters_passing_noise,,,,
2002_Service_Manual_TI,sec_0047,135,5.5-image_section_mapping,,,,
2002_Service_Manual_TI,sec_0052,141,5.4-hierarchy_level,,,,
2002_Service_Manual_TI,sec_0052,141,5.4-parent_child,,,,
2002_Service_Manual_TI,sec_0052,141,5.4-page_start_end,,,,
2002_Service_Manual_TI,sec_0052,141,5.4-hierarchy_path,,,,
2002_Service_Manual_TI,sec_0052,141,5.4-gaps_duplicates,,,,
2002_Service_Manual_TI,sec_0052,141,5.4-flagged_for_review,,,,
2002_Service_Manual_TI,sec_0052,141,5.4-structural_source,,,,
2002_Service_Manual_TI,sec_0052,141,5.6-numbering_scheme,,,,
2002_Service_Manual_TI,sec_0052,141,5.6-offset_applied,,,,
2002_Service_Manual_TI,sec_0052,141,5.6-table_content,,,,
2002_Service_Manual_TI,sec_0052,141,5.5-filters_discarding,,,,
2002_Service_Manual_TI,sec_0052,141,5.5-filters_passing_noise,,,,
2002_Service_Manual_TI,sec_0052,141,5.5-image_section_mapping,,,,
2002_Service_Manual_TI,sec_0057,148,5.4-hierarchy_level,,,,
2002_Service_Manual_TI,sec_0057,148,5.4-parent_child,,,,
2002_Service_Manual_TI,sec_0057,148,5.4-page_start_end,,,,
2002_Service_Manual_TI,sec_0057,148,5.4-hierarchy_path,,,,
2002_Service_Manual_TI,sec_0057,148,5.4-gaps_duplicates,,,,
2002_Service_Manual_TI,sec_0057,148,5.4-flagged_for_review,,,,
2002_Service_Manual_TI,sec_0057,148,5.4-structural_source,,,,
2002_Service_Manual_TI,sec_0057,148,5.6-numbering_scheme,,,,
2002_Service_Manual_TI,sec_0057,148,5.6-offset_applied,,,,
2002_Service_Manual_TI,sec_0057,148,5.5-filters_discarding,,,,
2002_Service_Manual_TI,sec_0057,148,5.5-filters_passing_noise,,,,
2002_Service_Manual_TI,sec_0057,148,5.5-image_section_mapping,,,,
2002_Service_Manual_TI,sec_0062,155,5.4-hierarchy_level,,,,
2002_Service_Manual_TI,sec_0062,155,5.4-parent_child,,,,
2002_Service_Manual_TI,sec_0062,155,5.4-page_start_end,,,,
2002_Service_Manual_TI,sec_0062,155,5.4-hierarchy_path,,,,
2002_Service_Manual_TI,sec_0062,155,5.4-gaps_duplicates,,,,
2002_Service_Manual_TI,sec_0062,155,5.4-flagged_for_review,,,,
2002_Service_Manual_TI,sec_0062,155,5.4-structural_source,,,,
2002_Service_Manual_TI,sec_0062,155,5.6-numbering_scheme,,,,
2002_Service_Manual_TI,sec_0062,155,5.6-offset_applied,,,,
2002_Service_Manual_TI,sec_0062,155,5.5-filters_discarding,,,,
2002_Service_Manual_TI,sec_0062,155,5.5-filters_passing_noise,,,,
2002_Service_Manual_TI,sec_0062,155,5.5-image_section_mapping,,,,
2002_Service_Manual_TI,sec_0066,161,5.4-hierarchy_level,,,,
2002_Service_Manual_TI,sec_0066,161,5.4-parent_child,,,,
2002_Service_Manual_TI,sec_0066,161,5.4-page_start_end,,,,
2002_Service_Manual_TI,sec_0066,161,5.4-hierarchy_path,,,,
2002_Service_Manual_TI,sec_0066,161,5.4-gaps_duplicates,,,,
2002_Service_Manual_TI,sec_0066,161,5.4-flagged_for_review,,,,
2002_Service_Manual_TI,sec_0066,161,5.4-structural_source,,,,
2002_Service_Manual_TI,sec_0066,161,5.6-numbering_scheme,,,,
2002_Service_Manual_TI,sec_0066,161,5.6-offset_applied,,,,
2002_Service_Manual_TI,sec_0066,161,5.5-filters_discarding,,,,
2002_Service_Manual_TI,sec_0066,161,5.5-filters_passing_noise,,,,
2002_Service_Manual_TI,sec_0066,161,5.5-image_section_mapping,,,,
2002_Service_Manual_TI,sec_0073,168,5.4-hierarchy_level,,,,
2002_Service_Manual_TI,sec_0073,168,5.4-parent_child,,,,
2002_Service_Manual_TI,sec_0073,168,5.4-page_start_end,,,,
2002_Service_Manual_TI,sec_0073,168,5.4-hierarchy_path,,,,
2002_Service_Manual_TI,sec_0073,168,5.4-gaps_duplicates,,,,
2002_Service_Manual_TI,sec_0073,168,5.4-flagged_for_review,,,,
2002_Service_Manual_TI,sec_0073,168,5.4-structural_source,,,,
2002_Service_Manual_TI,sec_0073,168,5.6-numbering_scheme,,,,
2002_Service_Manual_TI,sec_0073,168,5.6-offset_applied,,,,
2002_Service_Manual_TI,sec_0073,168,5.5-filters_discarding,,,,
2002_Service_Manual_TI,sec_0073,168,5.5-filters_passing_noise,,,,
2002_Service_Manual_TI,sec_0073,168,5.5-image_section_mapping,,,,
2002_Service_Manual_TI,sec_0079,175,5.4-hierarchy_level,,,,
2002_Service_Manual_TI,sec_0079,175,5.4-parent_child,,,,
2002_Service_Manual_TI,sec_0079,175,5.4-page_start_end,,,,
2002_Service_Manual_TI,sec_0079,175,5.4-hierarchy_path,,,,
2002_Service_Manual_TI,sec_0079,175,5.4-gaps_duplicates,,,,
2002_Service_Manual_TI,sec_0079,175,5.4-flagged_for_review,,,,
2002_Service_Manual_TI,sec_0079,175,5.4-structural_source,,,,
2002_Service_Manual_TI,sec_0079,175,5.6-numbering_scheme,,,,
2002_Service_Manual_TI,sec_0079,175,5.6-offset_applied,,,,
2002_Service_Manual_TI,sec_0079,175,5.5-filters_discarding,,,,
2002_Service_Manual_TI,sec_0079,175,5.5-filters_passing_noise,,,,
2002_Service_Manual_TI,sec_0079,175,5.5-image_section_mapping,,,,
2002_Service_Manual_TI,sec_0084,181,5.4-hierarchy_level,,,,
2002_Service_Manual_TI,sec_0084,181,5.4-parent_child,,,,
2002_Service_Manual_TI,sec_0084,181,5.4-page_start_end,,,,
2002_Service_Manual_TI,sec_0084,181,5.4-hierarchy_path,,,,
2002_Service_Manual_TI,sec_0084,181,5.4-gaps_duplicates,,,,
2002_Service_Manual_TI,sec_0084,181,5.4-flagged_for_review,,,,
2002_Service_Manual_TI,sec_0084,181,5.4-structural_source,,,,
2002_Service_Manual_TI,sec_0084,181,5.6-numbering_scheme,,,,
2002_Service_Manual_TI,sec_0084,181,5.6-offset_applied,,,,
2002_Service_Manual_TI,sec_0084,181,5.6-table_content,,,,
2002_Service_Manual_TI,sec_0084,181,5.5-filters_discarding,,,,
2002_Service_Manual_TI,sec_0084,181,5.5-filters_passing_noise,,,,
2002_Service_Manual_TI,sec_0084,181,5.5-image_section_mapping,,,,
2002_Service_Manual_TI,sec_0087,188,5.4-hierarchy_level,,,,
2002_Service_Manual_TI,sec_0087,188,5.4-parent_child,,,,
2002_Service_Manual_TI,sec_0087,188,5.4-page_start_end,,,,
2002_Service_Manual_TI,sec_0087,188,5.4-hierarchy_path,,,,
2002_Service_Manual_TI,sec_0087,188,5.4-gaps_duplicates,,,,
2002_Service_Manual_TI,sec_0087,188,5.4-flagged_for_review,,,,
2002_Service_Manual_TI,sec_0087,188,5.4-structural_source,,,,
2002_Service_Manual_TI,sec_0087,188,5.6-numbering_scheme,,,,
2002_Service_Manual_TI,sec_0087,188,5.6-offset_applied,,,,
2002_Service_Manual_TI,sec_0087,188,5.5-filters_discarding,,,,
2002_Service_Manual_TI,sec_0087,188,5.5-filters_passing_noise,,,,
2002_Service_Manual_TI,sec_0087,188,5.5-image_section_mapping,,,,
2002_Service_Manual_TI,sec_0088,201,5.4-hierarchy_level,,,,
2002_Service_Manual_TI,sec_0088,201,5.4-parent_child,,,,
2002_Service_Manual_TI,sec_0088,201,5.4-page_start_end,,,,
2002_Service_Manual_TI,sec_0088,201,5.4-hierarchy_path,,,,
2002_Service_Manual_TI,sec_0088,201,5.4-gaps_duplicates,,,,
2002_Service_Manual_TI,sec_0088,201,5.4-flagged_for_review,,,,
2002_Service_Manual_TI,sec_0088,201,5.4-structural_source,,,,
2002_Service_Manual_TI,sec_0088,201,5.6-numbering_scheme,,,,
2002_Service_Manual_TI,sec_0088,201,5.6-offset_applied,,,,
2002_Service_Manual_TI,sec_0088,201,5.5-filters_discarding,,,,
2002_Service_Manual_TI,sec_0088,201,5.5-filters_passing_noise,,,,
2002_Service_Manual_TI,sec_0088,201,5.5-image_section_mapping,,,,
2002_Service_Manual_TI,sec_0089,208,5.4-hierarchy_level,,,,
2002_Service_Manual_TI,sec_0089,208,5.4-parent_child,,,,
2002_Service_Manual_TI,sec_0089,208,5.4-page_start_end,,,,
2002_Service_Manual_TI,sec_0089,208,5.4-hierarchy_path,,,,
2002_Service_Manual_TI,sec_0089,208,5.4-gaps_duplicates,,,,
2002_Service_Manual_TI,sec_0089,208,5.4-flagged_for_review,,,,
2002_Service_Manual_TI,sec_0089,208,5.4-structural_source,,,,
2002_Service_Manual_TI,sec_0089,208,5.6-numbering_scheme,,,,
2002_Service_Manual_TI,sec_0089,208,5.6-offset_applied,,,,
2002_Service_Manual_TI,sec_0089,208,5.6-table_content,,,,
2002_Service_Manual_TI,sec_0089,208,5.5-filters_discarding,,,,
2002_Service_Manual_TI,sec_0089,208,5.5-filters_passing_noise,,,,
2002_Service_Manual_TI,sec_0089,208,5.5-image_section_mapping,,,,
2002_Service_Manual_TI,sec_0093,221,5.4-hierarchy_level,,,,
2002_Service_Manual_TI,sec_0093,221,5.4-parent_child,,,,
2002_Service_Manual_TI,sec_0093,221,5.4-page_start_end,,,,
2002_Service_Manual_TI,sec_0093,221,5.4-hierarchy_path,,,,
2002_Service_Manual_TI,sec_0093,221,5.4-gaps_duplicates,,,,
2002_Service_Manual_TI,sec_0093,221,5.4-flagged_for_review,,,,
2002_Service_Manual_TI,sec_0093,221,5.4-structural_source,,,,
2002_Service_Manual_TI,sec_0093,221,5.6-numbering_scheme,,,,
2002_Service_Manual_TI,sec_0093,221,5.6-offset_applied,,,,
2002_Service_Manual_TI,sec_0093,221,5.5-filters_discarding,,,,
2002_Service_Manual_TI,sec_0093,221,5.5-filters_passing_noise,,,,
2002_Service_Manual_TI,sec_0093,221,5.5-image_section_mapping,,,,
2002_Service_Manual_TI,sec_0099,228,5.4-hierarchy_level,,,,
2002_Service_Manual_TI,sec_0099,228,5.4-parent_child,,,,
2002_Service_Manual_TI,sec_0099,228,5.4-page_start_end,,,,
2002_Service_Manual_TI,sec_0099,228,5.4-hierarchy_path,,,,
2002_Service_Manual_TI,sec_0099,228,5.4-gaps_duplicates,,,,
2002_Service_Manual_TI,sec_0099,228,5.4-flagged_for_review,,,,
2002_Service_Manual_TI,sec_0099,228,5.4-structural_source,,,,
2002_Service_Manual_TI,sec_0099,228,5.6-numbering_scheme,,,,
2002_Service_Manual_TI,sec_0099,228,5.6-offset_applied,,,,
2002_Service_Manual_TI,sec_0099,228,5.5-filters_discarding,,,,
2002_Service_Manual_TI,sec_0099,228,5.5-filters_passing_noise,,,,
2002_Service_Manual_TI,sec_0099,228,5.5-image_section_mapping,,,,
2002_Service_Manual_TI,sec_0105,235,5.4-hierarchy_level,,,,
2002_Service_Manual_TI,sec_0105,235,5.4-parent_child,,,,
2002_Service_Manual_TI,sec_0105,235,5.4-page_start_end,,,,
2002_Service_Manual_TI,sec_0105,235,5.4-hierarchy_path,,,,
2002_Service_Manual_TI,sec_0105,235,5.4-gaps_duplicates,,,,
2002_Service_Manual_TI,sec_0105,235,5.4-flagged_for_review,,,,
2002_Service_Manual_TI,sec_0105,235,5.4-structural_source,,,,
2002_Service_Manual_TI,sec_0105,235,5.6-numbering_scheme,,,,
2002_Service_Manual_TI,sec_0105,235,5.6-offset_applied,,,,
2002_Service_Manual_TI,sec_0105,235,5.5-filters_discarding,,,,
2002_Service_Manual_TI,sec_0105,235,5.5-filters_passing_noise,,,,
2002_Service_Manual_TI,sec_0105,235,5.5-image_section_mapping,,,,
2002_Service_Manual_TI,sec_0111,241,5.4-hierarchy_level,,,,
2002_Service_Manual_TI,sec_0111,241,5.4-parent_child,,,,
2002_Service_Manual_TI,sec_0111,241,5.4-page_start_end,,,,
2002_Service_Manual_TI,sec_0111,241,5.4-hierarchy_path,,,,
2002_Service_Manual_TI,sec_0111,241,5.4-gaps_duplicates,,,,
2002_Service_Manual_TI,sec_0111,241,5.4-flagged_for_review,,,,
2002_Service_Manual_TI,sec_0111,241,5.4-structural_source,,,,
2002_Service_Manual_TI,sec_0111,241,5.6-numbering_scheme,,,,
2002_Service_Manual_TI,sec_0111,241,5.6-offset_applied,,,,
2002_Service_Manual_TI,sec_0111,241,5.5-filters_discarding,,,,
2002_Service_Manual_TI,sec_0111,241,5.5-filters_passing_noise,,,,
2002_Service_Manual_TI,sec_0111,241,5.5-image_section_mapping,,,,
2002_Service_Manual_TI,sec_0117,248,5.4-hierarchy_level,,,,
2002_Service_Manual_TI,sec_0117,248,5.4-parent_child,,,,
2002_Service_Manual_TI,sec_0117,248,5.4-page_start_end,,,,
2002_Service_Manual_TI,sec_0117,248,5.4-hierarchy_path,,,,
2002_Service_Manual_TI,sec_0117,248,5.4-gaps_duplicates,,,,
2002_Service_Manual_TI,sec_0117,248,5.4-flagged_for_review,,,,
2002_Service_Manual_TI,sec_0117,248,5.4-structural_source,,,,
2002_Service_Manual_TI,sec_0117,248,5.6-numbering_scheme,,,,
2002_Service_Manual_TI,sec_0117,248,5.6-offset_applied,,,,
2002_Service_Manual_TI,sec_0117,248,5.5-filters_discarding,,,,
2002_Service_Manual_TI,sec_0117,248,5.5-filters_passing_noise,,,,
2002_Service_Manual_TI,sec_0117,248,5.5-image_section_mapping,,,,
2002_Service_Manual_TI,sec_0123,255,5.4-hierarchy_level,,,,
2002_Service_Manual_TI,sec_0123,255,5.4-parent_child,,,,
2002_Service_Manual_TI,sec_0123,255,5.4-page_start_end,,,,
2002_Service_Manual_TI,sec_0123,255,5.4-hierarchy_path,,,,
2002_Service_Manual_TI,sec_0123,255,5.4-gaps_duplicates,,,,
2002_Service_Manual_TI,sec_0123,255,5.4-flagged_for_review,,,,
2002_Service_Manual_TI,sec_0123,255,5.4-structural_source,,,,
2002_Service_Manual_TI,sec_0123,255,5.6-numbering_scheme,,,,
2002_Service_Manual_TI,sec_0123,255,5.6-offset_applied,,,,
2002_Service_Manual_TI,sec_0123,255,5.6-table_content,,,,
2002_Service_Manual_TI,sec_0123,255,5.5-filters_discarding,,,,
2002_Service_Manual_TI,sec_0123,255,5.5-filters_passing_noise,,,,
2002_Service_Manual_TI,sec_0123,255,5.5-image_section_mapping,,,,
2002_Service_Manual_TI,sec_0128,261,5.4-hierarchy_level,,,,
2002_Service_Manual_TI,sec_0128,261,5.4-parent_child,,,,
2002_Service_Manual_TI,sec_0128,261,5.4-page_start_end,,,,
2002_Service_Manual_TI,sec_0128,261,5.4-hierarchy_path,,,,
2002_Service_Manual_TI,sec_0128,261,5.4-gaps_duplicates,,,,
2002_Service_Manual_TI,sec_0128,261,5.4-flagged_for_review,,,,
2002_Service_Manual_TI,sec_0128,261,5.4-structural_source,,,,
2002_Service_Manual_TI,sec_0128,261,5.6-numbering_scheme,,,,
2002_Service_Manual_TI,sec_0128,261,5.6-offset_applied,,,,
2002_Service_Manual_TI,sec_0128,261,5.5-filters_discarding,,,,
2002_Service_Manual_TI,sec_0128,261,5.5-filters_passing_noise,,,,
2002_Service_Manual_TI,sec_0128,261,5.5-image_section_mapping,,,,
2002_Service_Manual_TI,sec_0134,268,5.4-hierarchy_level,,,,
2002_Service_Manual_TI,sec_0134,268,5.4-parent_child,,,,
2002_Service_Manual_TI,sec_0134,268,5.4-page_start_end,,,,
2002_Service_Manual_TI,sec_0134,268,5.4-hierarchy_path,,,,
2002_Service_Manual_TI,sec_0134,268,5.4-gaps_duplicates,,,,
2002_Service_Manual_TI,sec_0134,268,5.4-flagged_for_review,,,,
2002_Service_Manual_TI,sec_0134,268,5.4-structural_source,,,,
2002_Service_Manual_TI,sec_0134,268,5.6-numbering_scheme,,,,
2002_Service_Manual_TI,sec_0134,268,5.6-offset_applied,,,,
2002_Service_Manual_TI,sec_0134,268,5.5-filters_discarding,,,,
2002_Service_Manual_TI,sec_0134,268,5.5-filters_passing_noise,,,,
2002_Service_Manual_TI,sec_0134,268,5.5-image_section_mapping,,,,
2002_Service_Manual_TI,sec_0141,275,5.4-hierarchy_level,,,,
2002_Service_Manual_TI,sec_0141,275,5.4-parent_child,,,,
2002_Service_Manual_TI,sec_0141,275,5.4-page_start_end,,,,
2002_Service_Manual_TI,sec_0141,275,5.4-hierarchy_path,,,,
2002_Service_Manual_TI,sec_0141,275,5.4-gaps_duplicates,,,,
2002_Service_Manual_TI,sec_0141,275,5.4-flagged_for_review,,,,
2002_Service_Manual_TI,sec_0141,275,5.4-structural_source,,,,
2002_Service_Manual_TI,sec_0141,275,5.6-numbering_scheme,,,,
2002_Service_Manual_TI,sec_0141,275,5.6-offset_applied,,,,
2002_Service_Manual_TI,sec_0141,275,5.5-filters_discarding,,,,
2002_Service_Manual_TI,sec_0141,275,5.5-filters_passing_noise,,,,
2002_Service_Manual_TI,sec_0141,275,5.5-image_section_mapping,,,,
2002_Service_Manual_TI,sec_0144,281,5.4-hierarchy_level,,,,
2002_Service_Manual_TI,sec_0144,281,5.4-parent_child,,,,
2002_Service_Manual_TI,sec_0144,281,5.4-page_start_end,,,,
2002_Service_Manual_TI,sec_0144,281,5.4-hierarchy_path,,,,
2002_Service_Manual_TI,sec_0144,281,5.4-gaps_duplicates,,,,
2002_Service_Manual_TI,sec_0144,281,5.4-flagged_for_review,,,,
2002_Service_Manual_TI,sec_0144,281,5.4-structural_source,,,,
2002_Service_Manual_TI,sec_0144,281,5.6-numbering_scheme,,,,
2002_Service_Manual_TI,sec_0144,281,5.6-offset_applied,,,,
2002_Service_Manual_TI,sec_0144,281,5.5-filters_discarding,,,,
2002_Service_Manual_TI,sec_0144,281,5.5-filters_passing_noise,,,,
2002_Service_Manual_TI,sec_0144,281,5.5-image_section_mapping,,,,
2002_Service_Manual_TI,sec_0145,288,5.4-hierarchy_level,,,,
2002_Service_Manual_TI,sec_0145,288,5.4-parent_child,,,,
2002_Service_Manual_TI,sec_0145,288,5.4-page_start_end,,,,
2002_Service_Manual_TI,sec_0145,288,5.4-hierarchy_path,,,,
2002_Service_Manual_TI,sec_0145,288,5.4-gaps_duplicates,,,,
2002_Service_Manual_TI,sec_0145,288,5.4-flagged_for_review,,,,
2002_Service_Manual_TI,sec_0145,288,5.4-structural_source,,,,
2002_Service_Manual_TI,sec_0145,288,5.6-numbering_scheme,,,,
2002_Service_Manual_TI,sec_0145,288,5.6-offset_applied,,,,
2002_Service_Manual_TI,sec_0145,288,5.6-table_content,,,,
2002_Service_Manual_TI,sec_0145,288,5.5-filters_discarding,,,,
2002_Service_Manual_TI,sec_0145,288,5.5-filters_passing_noise,,,,
2002_Service_Manual_TI,sec_0145,288,5.5-image_section_mapping,,,,
2002_Service_Manual_TI,sec_0146,301,5.4-hierarchy_level,,,,
2002_Service_Manual_TI,sec_0146,301,5.4-parent_child,,,,
2002_Service_Manual_TI,sec_0146,301,5.4-page_start_end,,,,
2002_Service_Manual_TI,sec_0146,301,5.4-hierarchy_path,,,,
2002_Service_Manual_TI,sec_0146,301,5.4-gaps_duplicates,,,,
2002_Service_Manual_TI,sec_0146,301,5.4-flagged_for_review,,,,
2002_Service_Manual_TI,sec_0146,301,5.4-structural_source,,,,
2002_Service_Manual_TI,sec_0146,301,5.6-numbering_scheme,,,,
2002_Service_Manual_TI,sec_0146,301,5.6-offset_applied,,,,
2002_Service_Manual_TI,sec_0146,301,5.6-table_content,,,,
2002_Service_Manual_TI,sec_0146,301,5.5-filters_discarding,,,,
2002_Service_Manual_TI,sec_0146,301,5.5-filters_passing_noise,,,,
2002_Service_Manual_TI,sec_0146,301,5.5-image_section_mapping,,,,
2002_Service_Manual_TI,sec_0149,322,5.4-hierarchy_level,,,,
2002_Service_Manual_TI,sec_0149,322,5.4-parent_child,,,,
2002_Service_Manual_TI,sec_0149,322,5.4-page_start_end,,,,
2002_Service_Manual_TI,sec_0149,322,5.4-hierarchy_path,,,,
2002_Service_Manual_TI,sec_0149,322,5.4-gaps_duplicates,,,,
2002_Service_Manual_TI,sec_0149,322,5.4-flagged_for_review,,,,
2002_Service_Manual_TI,sec_0149,322,5.4-structural_source,,,,
2002_Service_Manual_TI,sec_0149,322,5.6-numbering_scheme,,,,
2002_Service_Manual_TI,sec_0149,322,5.6-offset_applied,,,,
2002_Service_Manual_TI,sec_0149,322,5.5-filters_discarding,,,,
2002_Service_Manual_TI,sec_0149,322,5.5-filters_passing_noise,,,,
2002_Service_Manual_TI,sec_0149,322,5.5-image_section_mapping,,,,
2002_Service_Manual_TI,sec_0152,328,5.4-hierarchy_level,,,,
2002_Service_Manual_TI,sec_0152,328,5.4-parent_child,,,,
2002_Service_Manual_TI,sec_0152,328,5.4-page_start_end,,,,
2002_Service_Manual_TI,sec_0152,328,5.4-hierarchy_path,,,,
2002_Service_Manual_TI,sec_0152,328,5.4-gaps_duplicates,,,,
2002_Service_Manual_TI,sec_0152,328,5.4-flagged_for_review,,,,
2002_Service_Manual_TI,sec_0152,328,5.4-structural_source,,,,
2002_Service_Manual_TI,sec_0152,328,5.6-numbering_scheme,,,,
2002_Service_Manual_TI,sec_0152,328,5.6-offset_applied,,,,
2002_Service_Manual_TI,sec_0152,328,5.5-filters_discarding,,,,
2002_Service_Manual_TI,sec_0152,328,5.5-filters_passing_noise,,,,
2002_Service_Manual_TI,sec_0152,328,5.5-image_section_mapping,,,,
2002_Service_Manual_TI,sec_0153,335,5.4-hierarchy_level,,,,
2002_Service_Manual_TI,sec_0153,335,5.4-parent_child,,,,
2002_Service_Manual_TI,sec_0153,335,5.4-page_start_end,,,,
2002_Service_Manual_TI,sec_0153,335,5.4-hierarchy_path,,,,
2002_Service_Manual_TI,sec_0153,335,5.4-gaps_duplicates,,,,
2002_Service_Manual_TI,sec_0153,335,5.4-flagged_for_review,,,,
2002_Service_Manual_TI,sec_0153,335,5.4-structural_source,,,,
2002_Service_Manual_TI,sec_0153,335,5.6-numbering_scheme,,,,
2002_Service_Manual_TI,sec_0153,335,5.6-offset_applied,,,,
2002_Service_Manual_TI,sec_0153,335,5.5-filters_discarding,,,,
2002_Service_Manual_TI,sec_0153,335,5.5-filters_passing_noise,,,,
2002_Service_Manual_TI,sec_0153,335,5.5-image_section_mapping,,,,
2002_Service_Manual_TI,sec_0155,342,5.4-hierarchy_level,,,,
2002_Service_Manual_TI,sec_0155,342,5.4-parent_child,,,,
2002_Service_Manual_TI,sec_0155,342,5.4-page_start_end,,,,
2002_Service_Manual_TI,sec_0155,342,5.4-hierarchy_path,,,,
2002_Service_Manual_TI,sec_0155,342,5.4-gaps_duplicates,,,,
2002_Service_Manual_TI,sec_0155,342,5.4-flagged_for_review,,,,
2002_Service_Manual_TI,sec_0155,342,5.4-structural_source,,,,
2002_Service_Manual_TI,sec_0155,342,5.6-numbering_scheme,,,,
2002_Service_Manual_TI,sec_0155,342,5.6-offset_applied,,,,
2002_Service_Manual_TI,sec_0155,342,5.5-filters_discarding,,,,
2002_Service_Manual_TI,sec_0155,342,5.5-filters_passing_noise,,,,
2002_Service_Manual_TI,sec_0155,342,5.5-image_section_mapping,,,,
2002_Service_Manual_TI,sec_0158,348,5.4-hierarchy_level,,,,
2002_Service_Manual_TI,sec_0158,348,5.4-parent_child,,,,
2002_Service_Manual_TI,sec_0158,348,5.4-page_start_end,,,,
2002_Service_Manual_TI,sec_0158,348,5.4-hierarchy_path,,,,
2002_Service_Manual_TI,sec_0158,348,5.4-gaps_duplicates,,,,
2002_Service_Manual_TI,sec_0158,348,5.4-flagged_for_review,,,,
2002_Service_Manual_TI,sec_0158,348,5.4-structural_source,,,,
2002_Service_Manual_TI,sec_0158,348,5.6-numbering_scheme,,,,
2002_Service_Manual_TI,sec_0158,348,5.6-offset_applied,,,,
2002_Service_Manual_TI,sec_0158,348,5.5-filters_discarding,,,,
2002_Service_Manual_TI,sec_0158,348,5.5-filters_passing_noise,,,,
2002_Service_Manual_TI,sec_0158,348,5.5-image_section_mapping,,,,
2002_Service_Manual_TI,sec_0160,355,5.4-hierarchy_level,,,,
2002_Service_Manual_TI,sec_0160,355,5.4-parent_child,,,,
2002_Service_Manual_TI,sec_0160,355,5.4-page_start_end,,,,
2002_Service_Manual_TI,sec_0160,355,5.4-hierarchy_path,,,,
2002_Service_Manual_TI,sec_0160,355,5.4-gaps_duplicates,,,,
2002_Service_Manual_TI,sec_0160,355,5.4-flagged_for_review,,,,
2002_Service_Manual_TI,sec_0160,355,5.4-structural_source,,,,
2002_Service_Manual_TI,sec_0160,355,5.6-numbering_scheme,,,,
2002_Service_Manual_TI,sec_0160,355,5.6-offset_applied,,,,
2002_Service_Manual_TI,sec_0160,355,5.5-filters_discarding,,,,
2002_Service_Manual_TI,sec_0160,355,5.5-filters_passing_noise,,,,
2002_Service_Manual_TI,sec_0160,355,5.5-image_section_mapping,,,,
2002_Service_Manual_TI,sec_0163,362,5.4-hierarchy_level,,,,
2002_Service_Manual_TI,sec_0163,362,5.4-parent_child,,,,
2002_Service_Manual_TI,sec_0163,362,5.4-page_start_end,,,,
2002_Service_Manual_TI,sec_0163,362,5.4-hierarchy_path,,,,
2002_Service_Manual_TI,sec_0163,362,5.4-gaps_duplicates,,,,
2002_Service_Manual_TI,sec_0163,362,5.4-flagged_for_review,,,,
2002_Service_Manual_TI,sec_0163,362,5.4-structural_source,,,,
2002_Service_Manual_TI,sec_0163,362,5.6-numbering_scheme,,,,
2002_Service_Manual_TI,sec_0163,362,5.6-offset_applied,,,,
2002_Service_Manual_TI,sec_0163,362,5.6-table_content,,,,
2002_Service_Manual_TI,sec_0163,362,5.5-filters_discarding,,,,
2002_Service_Manual_TI,sec_0163,362,5.5-filters_passing_noise,,,,
2002_Service_Manual_TI,sec_0163,362,5.5-image_section_mapping,,,,
2002_Service_Manual_TI,sec_0166,368,5.4-hierarchy_level,,,,
2002_Service_Manual_TI,sec_0166,368,5.4-parent_child,,,,
2002_Service_Manual_TI,sec_0166,368,5.4-page_start_end,,,,
2002_Service_Manual_TI,sec_0166,368,5.4-hierarchy_path,,,,
2002_Service_Manual_TI,sec_0166,368,5.4-gaps_duplicates,,,,
2002_Service_Manual_TI,sec_0166,368,5.4-flagged_for_review,,,,
2002_Service_Manual_TI,sec_0166,368,5.4-structural_source,,,,
2002_Service_Manual_TI,sec_0166,368,5.6-numbering_scheme,,,,
2002_Service_Manual_TI,sec_0166,368,5.6-offset_applied,,,,
2002_Service_Manual_TI,sec_0166,368,5.5-filters_discarding,,,,
2002_Service_Manual_TI,sec_0166,368,5.5-filters_passing_noise,,,,
2002_Service_Manual_TI,sec_0166,368,5.5-image_section_mapping,,,,
2002_Service_Manual_TI,sec_0169,375,5.4-hierarchy_level,,,,
2002_Service_Manual_TI,sec_0169,375,5.4-parent_child,,,,
2002_Service_Manual_TI,sec_0169,375,5.4-page_start_end,,,,
2002_Service_Manual_TI,sec_0169,375,5.4-hierarchy_path,,,,
2002_Service_Manual_TI,sec_0169,375,5.4-gaps_duplicates,,,,
2002_Service_Manual_TI,sec_0169,375,5.4-flagged_for_review,,,,
2002_Service_Manual_TI,sec_0169,375,5.4-structural_source,,,,
2002_Service_Manual_TI,sec_0169,375,5.6-numbering_scheme,,,,
2002_Service_Manual_TI,sec_0169,375,5.6-offset_applied,,,,
2002_Service_Manual_TI,sec_0169,375,5.5-filters_discarding,,,,
2002_Service_Manual_TI,sec_0169,375,5.5-filters_passing_noise,,,,
2002_Service_Manual_TI,sec_0169,375,5.5-image_section_mapping,,,,
2002_Service_Manual_TI,sec_0172,382,5.4-hierarchy_level,,,,
2002_Service_Manual_TI,sec_0172,382,5.4-parent_child,,,,
2002_Service_Manual_TI,sec_0172,382,5.4-page_start_end,,,,
2002_Service_Manual_TI,sec_0172,382,5.4-hierarchy_path,,,,
2002_Service_Manual_TI,sec_0172,382,5.4-gaps_duplicates,,,,
2002_Service_Manual_TI,sec_0172,382,5.4-flagged_for_review,,,,
2002_Service_Manual_TI,sec_0172,382,5.4-structural_source,,,,
2002_Service_Manual_TI,sec_0172,382,5.6-numbering_scheme,,,,
2002_Service_Manual_TI,sec_0172,382,5.6-offset_applied,,,,
2002_Service_Manual_TI,sec_0172,382,5.6-table_content,,,,
2002_Service_Manual_TI,sec_0172,382,5.5-filters_discarding,,,,
2002_Service_Manual_TI,sec_0172,382,5.5-filters_passing_noise,,,,
2002_Service_Manual_TI,sec_0172,382,5.5-image_section_mapping,,,,
2002_Service_Manual_TI,sec_0174,402,5.4-hierarchy_level,,,,
2002_Service_Manual_TI,sec_0174,402,5.4-parent_child,,,,
2002_Service_Manual_TI,sec_0174,402,5.4-page_start_end,,,,
2002_Service_Manual_TI,sec_0174,402,5.4-hierarchy_path,,,,
2002_Service_Manual_TI,sec_0174,402,5.4-gaps_duplicates,,,,
2002_Service_Manual_TI,sec_0174,402,5.4-flagged_for_review,,,,
2002_Service_Manual_TI,sec_0174,402,5.4-structural_source,,,,
2002_Service_Manual_TI,sec_0174,402,5.6-numbering_scheme,,,,
2002_Service_Manual_TI,sec_0174,402,5.6-offset_applied,,,,
2002_Service_Manual_TI,sec_0174,402,5.6-table_content,,,,
2002_Service_Manual_TI,sec_0174,402,5.5-filters_discarding,,,,
2002_Service_Manual_TI,sec_0174,402,5.5-filters_passing_noise,,,,
2002_Service_Manual_TI,sec_0174,402,5.5-image_section_mapping,,,,
2002_Service_Manual_TI,sec_0176,422,5.4-hierarchy_level,,,,
2002_Service_Manual_TI,sec_0176,422,5.4-parent_child,,,,
2002_Service_Manual_TI,sec_0176,422,5.4-page_start_end,,,,
2002_Service_Manual_TI,sec_0176,422,5.4-hierarchy_path,,,,
2002_Service_Manual_TI,sec_0176,422,5.4-gaps_duplicates,,,,
2002_Service_Manual_TI,sec_0176,422,5.4-flagged_for_review,,,,
2002_Service_Manual_TI,sec_0176,422,5.4-structural_source,,,,
2002_Service_Manual_TI,sec_0176,422,5.6-numbering_scheme,,,,
2002_Service_Manual_TI,sec_0176,422,5.6-offset_applied,,,,
2002_Service_Manual_TI,sec_0176,422,5.5-filters_discarding,,,,
2002_Service_Manual_TI,sec_0176,422,5.5-filters_passing_noise,,,,
2002_Service_Manual_TI,sec_0176,422,5.5-image_section_mapping,,,,
2002_Service_Manual_TI,sec_0179,428,5.4-hierarchy_level,,,,
2002_Service_Manual_TI,sec_0179,428,5.4-parent_child,,,,
2002_Service_Manual_TI,sec_0179,428,5.4-page_start_end,,,,
2002_Service_Manual_TI,sec_0179,428,5.4-hierarchy_path,,,,
2002_Service_Manual_TI,sec_0179,428,5.4-gaps_duplicates,,,,
2002_Service_Manual_TI,sec_0179,428,5.4-flagged_for_review,,,,
2002_Service_Manual_TI,sec_0179,428,5.4-structural_source,,,,
2002_Service_Manual_TI,sec_0179,428,5.6-numbering_scheme,,,,
2002_Service_Manual_TI,sec_0179,428,5.6-offset_applied,,,,
2002_Service_Manual_TI,sec_0179,428,5.5-filters_discarding,,,,
2002_Service_Manual_TI,sec_0179,428,5.5-filters_passing_noise,,,,
2002_Service_Manual_TI,sec_0179,428,5.5-image_section_mapping,,,,
2002_Service_Manual_TI,sec_0180,435,5.4-hierarchy_level,,,,
2002_Service_Manual_TI,sec_0180,435,5.4-parent_child,,,,
2002_Service_Manual_TI,sec_0180,435,5.4-page_start_end,,,,
2002_Service_Manual_TI,sec_0180,435,5.4-hierarchy_path,,,,
2002_Service_Manual_TI,sec_0180,435,5.4-gaps_duplicates,,,,
2002_Service_Manual_TI,sec_0180,435,5.4-flagged_for_review,,,,
2002_Service_Manual_TI,sec_0180,435,5.4-structural_source,,,,
2002_Service_Manual_TI,sec_0180,435,5.6-numbering_scheme,,,,
2002_Service_Manual_TI,sec_0180,435,5.6-offset_applied,,,,
2002_Service_Manual_TI,sec_0180,435,5.5-filters_discarding,,,,
2002_Service_Manual_TI,sec_0180,435,5.5-filters_passing_noise,,,,
2002_Service_Manual_TI,sec_0180,435,5.5-image_section_mapping,,,,
2002_Service_Manual_TI,sec_0184,442,5.4-hierarchy_level,,,,
2002_Service_Manual_TI,sec_0184,442,5.4-parent_child,,,,
2002_Service_Manual_TI,sec_0184,442,5.4-page_start_end,,,,
2002_Service_Manual_TI,sec_0184,442,5.4-hierarchy_path,,,,
2002_Service_Manual_TI,sec_0184,442,5.4-gaps_duplicates,,,,
2002_Service_Manual_TI,sec_0184,442,5.4-flagged_for_review,,,,
2002_Service_Manual_TI,sec_0184,442,5.4-structural_source,,,,
2002_Service_Manual_TI,sec_0184,442,5.6-numbering_scheme,,,,
2002_Service_Manual_TI,sec_0184,442,5.6-offset_applied,,,,
2002_Service_Manual_TI,sec_0184,442,5.5-filters_discarding,,,,
2002_Service_Manual_TI,sec_0184,442,5.5-filters_passing_noise,,,,
2002_Service_Manual_TI,sec_0184,442,5.5-image_section_mapping,,,,
2002_Service_Manual_TI,sec_0185,448,5.4-hierarchy_level,,,,
2002_Service_Manual_TI,sec_0185,448,5.4-parent_child,,,,
2002_Service_Manual_TI,sec_0185,448,5.4-page_start_end,,,,
2002_Service_Manual_TI,sec_0185,448,5.4-hierarchy_path,,,,
2002_Service_Manual_TI,sec_0185,448,5.4-gaps_duplicates,,,,
2002_Service_Manual_TI,sec_0185,448,5.4-flagged_for_review,,,,
2002_Service_Manual_TI,sec_0185,448,5.4-structural_source,,,,
2002_Service_Manual_TI,sec_0185,448,5.6-numbering_scheme,,,,
2002_Service_Manual_TI,sec_0185,448,5.6-offset_applied,,,,
2002_Service_Manual_TI,sec_0185,448,5.5-filters_discarding,,,,
2002_Service_Manual_TI,sec_0185,448,5.5-filters_passing_noise,,,,
2002_Service_Manual_TI,sec_0185,448,5.5-image_section_mapping,,,,
2002_Service_Manual_TI,sec_0187,475,5.4-hierarchy_level,,,,
2002_Service_Manual_TI,sec_0187,475,5.4-parent_child,,,,
2002_Service_Manual_TI,sec_0187,475,5.4-page_start_end,,,,
2002_Service_Manual_TI,sec_0187,475,5.4-hierarchy_path,,,,
2002_Service_Manual_TI,sec_0187,475,5.4-gaps_duplicates,,,,
2002_Service_Manual_TI,sec_0187,475,5.4-flagged_for_review,,,,
2002_Service_Manual_TI,sec_0187,475,5.4-structural_source,,,,
2002_Service_Manual_TI,sec_0187,475,5.6-numbering_scheme,,,,
2002_Service_Manual_TI,sec_0187,475,5.6-offset_applied,,,,
2002_Service_Manual_TI,sec_0187,475,5.5-filters_discarding,,,,
2002_Service_Manual_TI,sec_0187,475,5.5-filters_passing_noise,,,,
2002_Service_Manual_TI,sec_0187,475,5.5-image_section_mapping,,,,
2002_Service_Manual_TI,sec_0192,482,5.4-hierarchy_level,,,,
2002_Service_Manual_TI,sec_0192,482,5.4-parent_child,,,,
2002_Service_Manual_TI,sec_0192,482,5.4-page_start_end,,,,
2002_Service_Manual_TI,sec_0192,482,5.4-hierarchy_path,,,,
2002_Service_Manual_TI,sec_0192,482,5.4-gaps_duplicates,,,,
2002_Service_Manual_TI,sec_0192,482,5.4-flagged_for_review,,,,
2002_Service_Manual_TI,sec_0192,482,5.4-structural_source,,,,
2002_Service_Manual_TI,sec_0192,482,5.6-numbering_scheme,,,,
2002_Service_Manual_TI,sec_0192,482,5.6-offset_applied,,,,
2002_Service_Manual_TI,sec_0192,482,5.5-filters_discarding,,,,
2002_Service_Manual_TI,sec_0192,482,5.5-filters_passing_noise,,,,
2002_Service_Manual_TI,sec_0192,482,5.5-image_section_mapping,,,,
2002_Service_Manual_TI,sec_0195,488,5.4-hierarchy_level,,,,
2002_Service_Manual_TI,sec_0195,488,5.4-parent_child,,,,
2002_Service_Manual_TI,sec_0195,488,5.4-page_start_end,,,,
2002_Service_Manual_TI,sec_0195,488,5.4-hierarchy_path,,,,
2002_Service_Manual_TI,sec_0195,488,5.4-gaps_duplicates,,,,
2002_Service_Manual_TI,sec_0195,488,5.4-flagged_for_review,,,,
2002_Service_Manual_TI,sec_0195,488,5.4-structural_source,,,,
2002_Service_Manual_TI,sec_0195,488,5.6-numbering_scheme,,,,
2002_Service_Manual_TI,sec_0195,488,5.6-offset_applied,,,,
2002_Service_Manual_TI,sec_0195,488,5.5-filters_discarding,,,,
2002_Service_Manual_TI,sec_0195,488,5.5-filters_passing_noise,,,,
2002_Service_Manual_TI,sec_0195,488,5.5-image_section_mapping,,,,
2002_Service_Manual_TI,sec_0197,502,5.4-hierarchy_level,,,,
2002_Service_Manual_TI,sec_0197,502,5.4-parent_child,,,,
2002_Service_Manual_TI,sec_0197,502,5.4-page_start_end,,,,
2002_Service_Manual_TI,sec_0197,502,5.4-hierarchy_path,,,,
2002_Service_Manual_TI,sec_0197,502,5.4-gaps_duplicates,,,,
2002_Service_Manual_TI,sec_0197,502,5.4-flagged_for_review,,,,
2002_Service_Manual_TI,sec_0197,502,5.4-structural_source,,,,
2002_Service_Manual_TI,sec_0197,502,5.6-numbering_scheme,,,,
2002_Service_Manual_TI,sec_0197,502,5.6-offset_applied,,,,
2002_Service_Manual_TI,sec_0197,502,5.5-filters_discarding,,,,
2002_Service_Manual_TI,sec_0197,502,5.5-filters_passing_noise,,,,
2002_Service_Manual_TI,sec_0197,502,5.5-image_section_mapping,,,,
2002_Service_Manual_TI,sec_0201,508,5.4-hierarchy_level,,,,
2002_Service_Manual_TI,sec_0201,508,5.4-parent_child,,,,
2002_Service_Manual_TI,sec_0201,508,5.4-page_start_end,,,,
2002_Service_Manual_TI,sec_0201,508,5.4-hierarchy_path,,,,
2002_Service_Manual_TI,sec_0201,508,5.4-gaps_duplicates,,,,
2002_Service_Manual_TI,sec_0201,508,5.4-flagged_for_review,,,,
2002_Service_Manual_TI,sec_0201,508,5.4-structural_source,,,,
2002_Service_Manual_TI,sec_0201,508,5.6-numbering_scheme,,,,
2002_Service_Manual_TI,sec_0201,508,5.6-offset_applied,,,,
2002_Service_Manual_TI,sec_0201,508,5.5-filters_discarding,,,,
2002_Service_Manual_TI,sec_0201,508,5.5-filters_passing_noise,,,,
2002_Service_Manual_TI,sec_0201,508,5.5-image_section_mapping,,,,
2002_Service_Manual_TI,sec_0204,515,5.4-hierarchy_level,,,,
2002_Service_Manual_TI,sec_0204,515,5.4-parent_child,,,,
2002_Service_Manual_TI,sec_0204,515,5.4-page_start_end,,,,
2002_Service_Manual_TI,sec_0204,515,5.4-hierarchy_path,,,,
2002_Service_Manual_TI,sec_0204,515,5.4-gaps_duplicates,,,,
2002_Service_Manual_TI,sec_0204,515,5.4-flagged_for_review,,,,
2002_Service_Manual_TI,sec_0204,515,5.4-structural_source,,,,
2002_Service_Manual_TI,sec_0204,515,5.6-numbering_scheme,,,,
2002_Service_Manual_TI,sec_0204,515,5.6-offset_applied,,,,
2002_Service_Manual_TI,sec_0204,515,5.6-table_content,,,,
2002_Service_Manual_TI,sec_0204,515,5.5-filters_discarding,,,,
2002_Service_Manual_TI,sec_0204,515,5.5-filters_passing_noise,,,,
2002_Service_Manual_TI,sec_0204,515,5.5-image_section_mapping,,,,
2002_Service_Manual_TI,sec_0206,535,5.4-hierarchy_level,,,,
2002_Service_Manual_TI,sec_0206,535,5.4-parent_child,,,,
2002_Service_Manual_TI,sec_0206,535,5.4-page_start_end,,,,
2002_Service_Manual_TI,sec_0206,535,5.4-hierarchy_path,,,,
2002_Service_Manual_TI,sec_0206,535,5.4-gaps_duplicates,,,,
2002_Service_Manual_TI,sec_0206,535,5.4-flagged_for_review,,,,
2002_Service_Manual_TI,sec_0206,535,5.4-structural_source,,,,
2002_Service_Manual_TI,sec_0206,535,5.6-numbering_scheme,,,,
2002_Service_Manual_TI,sec_0206,535,5.6-offset_applied,,,,
2002_Service_Manual_TI,sec_0206,535,5.5-filters_discarding,,,,
2002_Service_Manual_TI,sec_0206,535,5.5-filters_passing_noise,,,,
2002_Service_Manual_TI,sec_0206,535,5.5-image_section_mapping,,,,
2002_Service_Manual_TI,sec_0207,542,5.4-hierarchy_level,,,,
2002_Service_Manual_TI,sec_0207,542,5.4-parent_child,,,,
2002_Service_Manual_TI,sec_0207,542,5.4-page_start_end,,,,
2002_Service_Manual_TI,sec_0207,542,5.4-hierarchy_path,,,,
2002_Service_Manual_TI,sec_0207,542,5.4-gaps_duplicates,,,,
2002_Service_Manual_TI,sec_0207,542,5.4-flagged_for_review,,,,
2002_Service_Manual_TI,sec_0207,542,5.4-structural_source,,,,
2002_Service_Manual_TI,sec_0207,542,5.6-numbering_scheme,,,,
2002_Service_Manual_TI,sec_0207,542,5.6-offset_applied,,,,
2002_Service_Manual_TI,sec_0207,542,5.5-filters_discarding,,,,
2002_Service_Manual_TI,sec_0207,542,5.5-filters_passing_noise,,,,
2002_Service_Manual_TI,sec_0207,542,5.5-image_section_mapping,,,,
2002_Service_Manual_TI,sec_0209,549,5.4-hierarchy_level,,,,
2002_Service_Manual_TI,sec_0209,549,5.4-parent_child,,,,
2002_Service_Manual_TI,sec_0209,549,5.4-page_start_end,,,,
2002_Service_Manual_TI,sec_0209,549,5.4-hierarchy_path,,,,
2002_Service_Manual_TI,sec_0209,549,5.4-gaps_duplicates,,,,
2002_Service_Manual_TI,sec_0209,549,5.4-flagged_for_review,,,,
2002_Service_Manual_TI,sec_0209,549,5.4-structural_source,,,,
2002_Service_Manual_TI,sec_0209,549,5.6-numbering_scheme,,,,
2002_Service_Manual_TI,sec_0209,549,5.6-offset_applied,,,,
2002_Service_Manual_TI,sec_0209,549,5.5-filters_discarding,,,,
2002_Service_Manual_TI,sec_0209,549,5.5-filters_passing_noise,,,,
2002_Service_Manual_TI,sec_0209,549,5.5-image_section_mapping,,,,
2002_Service_Manual_TI,sec_0210,555,5.4-hierarchy_level,,,,
2002_Service_Manual_TI,sec_0210,555,5.4-parent_child,,,,
2002_Service_Manual_TI,sec_0210,555,5.4-page_start_end,,,,
2002_Service_Manual_TI,sec_0210,555,5.4-hierarchy_path,,,,
2002_Service_Manual_TI,sec_0210,555,5.4-gaps_duplicates,,,,
2002_Service_Manual_TI,sec_0210,555,5.4-flagged_for_review,,,,
2002_Service_Manual_TI,sec_0210,555,5.4-structural_source,,,,
2002_Service_Manual_TI,sec_0210,555,5.6-numbering_scheme,,,,
2002_Service_Manual_TI,sec_0210,555,5.6-offset_applied,,,,
2002_Service_Manual_TI,sec_0210,555,5.6-table_content,,,,
2002_Service_Manual_TI,sec_0210,555,5.5-filters_discarding,,,,
2002_Service_Manual_TI,sec_0210,555,5.5-filters_passing_noise,,,,
2002_Service_Manual_TI,sec_0210,555,5.5-image_section_mapping,,,,
2002_Service_Manual_TI,sec_0215,562,5.4-hierarchy_level,,,,
2002_Service_Manual_TI,sec_0215,562,5.4-parent_child,,,,
2002_Service_Manual_TI,sec_0215,562,5.4-page_start_end,,,,
2002_Service_Manual_TI,sec_0215,562,5.4-hierarchy_path,,,,
2002_Service_Manual_TI,sec_0215,562,5.4-gaps_duplicates,,,,
2002_Service_Manual_TI,sec_0215,562,5.4-flagged_for_review,,,,
2002_Service_Manual_TI,sec_0215,562,5.4-structural_source,,,,
2002_Service_Manual_TI,sec_0215,562,5.6-numbering_scheme,,,,
2002_Service_Manual_TI,sec_0215,562,5.6-offset_applied,,,,
2002_Service_Manual_TI,sec_0215,562,5.5-filters_discarding,,,,
2002_Service_Manual_TI,sec_0215,562,5.5-filters_passing_noise,,,,
2002_Service_Manual_TI,sec_0215,562,5.5-image_section_mapping,,,,
2002_Service_Manual_TI,sec_0222,569,5.4-hierarchy_level,,,,
2002_Service_Manual_TI,sec_0222,569,5.4-parent_child,,,,
2002_Service_Manual_TI,sec_0222,569,5.4-page_start_end,,,,
2002_Service_Manual_TI,sec_0222,569,5.4-hierarchy_path,,,,
2002_Service_Manual_TI,sec_0222,569,5.4-gaps_duplicates,,,,
2002_Service_Manual_TI,sec_0222,569,5.4-flagged_for_review,,,,
2002_Service_Manual_TI,sec_0222,569,5.4-structural_source,,,,
2002_Service_Manual_TI,sec_0222,569,5.6-numbering_scheme,,,,
2002_Service_Manual_TI,sec_0222,569,5.6-offset_applied,,,,
2002_Service_Manual_TI,sec_0222,569,5.5-filters_discarding,,,,
2002_Service_Manual_TI,sec_0222,569,5.5-filters_passing_noise,,,,
2002_Service_Manual_TI,sec_0222,569,5.5-image_section_mapping,,,,
2002_Service_Manual_TI,sec_0223,575,5.4-hierarchy_level,,,,
2002_Service_Manual_TI,sec_0223,575,5.4-parent_child,,,,
2002_Service_Manual_TI,sec_0223,575,5.4-page_start_end,,,,
2002_Service_Manual_TI,sec_0223,575,5.4-hierarchy_path,,,,
2002_Service_Manual_TI,sec_0223,575,5.4-gaps_duplicates,,,,
2002_Service_Manual_TI,sec_0223,575,5.4-flagged_for_review,,,,
2002_Service_Manual_TI,sec_0223,575,5.4-structural_source,,,,
2002_Service_Manual_TI,sec_0223,575,5.6-numbering_scheme,,,,
2002_Service_Manual_TI,sec_0223,575,5.6-offset_applied,,,,
2002_Service_Manual_TI,sec_0223,575,5.5-filters_discarding,,,,
2002_Service_Manual_TI,sec_0223,575,5.5-filters_passing_noise,,,,
2002_Service_Manual_TI,sec_0223,575,5.5-image_section_mapping,,,,
2002_Service_Manual_TI,sec_0228,582,5.4-hierarchy_level,,,,
2002_Service_Manual_TI,sec_0228,582,5.4-parent_child,,,,
2002_Service_Manual_TI,sec_0228,582,5.4-page_start_end,,,,
2002_Service_Manual_TI,sec_0228,582,5.4-hierarchy_path,,,,
2002_Service_Manual_TI,sec_0228,582,5.4-gaps_duplicates,,,,
2002_Service_Manual_TI,sec_0228,582,5.4-flagged_for_review,,,,
2002_Service_Manual_TI,sec_0228,582,5.4-structural_source,,,,
2002_Service_Manual_TI,sec_0228,582,5.6-numbering_scheme,,,,
2002_Service_Manual_TI,sec_0228,582,5.6-offset_applied,,,,
2002_Service_Manual_TI,sec_0228,582,5.5-filters_discarding,,,,
2002_Service_Manual_TI,sec_0228,582,5.5-filters_passing_noise,,,,
2002_Service_Manual_TI,sec_0228,582,5.5-image_section_mapping,,,,
2002_Service_Manual_TI,sec_0232,589,5.4-hierarchy_level,,,,
2002_Service_Manual_TI,sec_0232,589,5.4-parent_child,,,,
2002_Service_Manual_TI,sec_0232,589,5.4-page_start_end,,,,
2002_Service_Manual_TI,sec_0232,589,5.4-hierarchy_path,,,,
2002_Service_Manual_TI,sec_0232,589,5.4-gaps_duplicates,,,,
2002_Service_Manual_TI,sec_0232,589,5.4-flagged_for_review,,,,
2002_Service_Manual_TI,sec_0232,589,5.4-structural_source,,,,
2002_Service_Manual_TI,sec_0232,589,5.6-numbering_scheme,,,,
2002_Service_Manual_TI,sec_0232,589,5.6-offset_applied,,,,
2002_Service_Manual_TI,sec_0232,589,5.6-table_content,,,,
2002_Service_Manual_TI,sec_0232,589,5.5-filters_discarding,,,,
2002_Service_Manual_TI,sec_0232,589,5.5-filters_passing_noise,,,,
2002_Service_Manual_TI,sec_0232,589,5.5-image_section_mapping,,,,
2002_Service_Manual_TI,sec_0233,602,5.4-hierarchy_level,,,,
2002_Service_Manual_TI,sec_0233,602,5.4-parent_child,,,,
2002_Service_Manual_TI,sec_0233,602,5.4-page_start_end,,,,
2002_Service_Manual_TI,sec_0233,602,5.4-hierarchy_path,,,,
2002_Service_Manual_TI,sec_0233,602,5.4-gaps_duplicates,,,,
2002_Service_Manual_TI,sec_0233,602,5.4-flagged_for_review,,,,
2002_Service_Manual_TI,sec_0233,602,5.4-structural_source,,,,
2002_Service_Manual_TI,sec_0233,602,5.6-numbering_scheme,,,,
2002_Service_Manual_TI,sec_0233,602,5.6-offset_applied,,,,
2002_Service_Manual_TI,sec_0233,602,5.5-filters_discarding,,,,
2002_Service_Manual_TI,sec_0233,602,5.5-filters_passing_noise,,,,
2002_Service_Manual_TI,sec_0233,602,5.5-image_section_mapping,,,,
2002_Service_Manual_TI,sec_0235,609,5.4-hierarchy_level,,,,
2002_Service_Manual_TI,sec_0235,609,5.4-parent_child,,,,
2002_Service_Manual_TI,sec_0235,609,5.4-page_start_end,,,,
2002_Service_Manual_TI,sec_0235,609,5.4-hierarchy_path,,,,
2002_Service_Manual_TI,sec_0235,609,5.4-gaps_duplicates,,,,
2002_Service_Manual_TI,sec_0235,609,5.4-flagged_for_review,,,,
2002_Service_Manual_TI,sec_0235,609,5.4-structural_source,,,,
2002_Service_Manual_TI,sec_0235,609,5.6-numbering_scheme,,,,
2002_Service_Manual_TI,sec_0235,609,5.6-offset_applied,,,,
2002_Service_Manual_TI,sec_0235,609,5.5-filters_discarding,,,,
2002_Service_Manual_TI,sec_0235,609,5.5-filters_passing_noise,,,,
2002_Service_Manual_TI,sec_0235,609,5.5-image_section_mapping,,,,
2002_Service_Manual_TI,sec_0239,615,5.4-hierarchy_level,,,,
2002_Service_Manual_TI,sec_0239,615,5.4-parent_child,,,,
2002_Service_Manual_TI,sec_0239,615,5.4-page_start_end,,,,
2002_Service_Manual_TI,sec_0239,615,5.4-hierarchy_path,,,,
2002_Service_Manual_TI,sec_0239,615,5.4-gaps_duplicates,,,,
2002_Service_Manual_TI,sec_0239,615,5.4-flagged_for_review,,,,
2002_Service_Manual_TI,sec_0239,615,5.4-structural_source,,,,
2002_Service_Manual_TI,sec_0239,615,5.6-numbering_scheme,,,,
2002_Service_Manual_TI,sec_0239,615,5.6-offset_applied,,,,
2002_Service_Manual_TI,sec_0239,615,5.5-filters_discarding,,,,
2002_Service_Manual_TI,sec_0239,615,5.5-filters_passing_noise,,,,
2002_Service_Manual_TI,sec_0239,615,5.5-image_section_mapping,,,,
2002_Service_Manual_TI,sec_0243,622,5.4-hierarchy_level,,,,
2002_Service_Manual_TI,sec_0243,622,5.4-parent_child,,,,
2002_Service_Manual_TI,sec_0243,622,5.4-page_start_end,,,,
2002_Service_Manual_TI,sec_0243,622,5.4-hierarchy_path,,,,
2002_Service_Manual_TI,sec_0243,622,5.4-gaps_duplicates,,,,
2002_Service_Manual_TI,sec_0243,622,5.4-flagged_for_review,,,,
2002_Service_Manual_TI,sec_0243,622,5.4-structural_source,,,,
2002_Service_Manual_TI,sec_0243,622,5.6-numbering_scheme,,,,
2002_Service_Manual_TI,sec_0243,622,5.6-offset_applied,,,,
2002_Service_Manual_TI,sec_0243,622,5.5-filters_discarding,,,,
2002_Service_Manual_TI,sec_0243,622,5.5-filters_passing_noise,,,,
2002_Service_Manual_TI,sec_0243,622,5.5-image_section_mapping,,,,
2002_Service_Manual_TI,sec_0247,629,5.4-hierarchy_level,,,,
2002_Service_Manual_TI,sec_0247,629,5.4-parent_child,,,,
2002_Service_Manual_TI,sec_0247,629,5.4-page_start_end,,,,
2002_Service_Manual_TI,sec_0247,629,5.4-hierarchy_path,,,,
2002_Service_Manual_TI,sec_0247,629,5.4-gaps_duplicates,,,,
2002_Service_Manual_TI,sec_0247,629,5.4-flagged_for_review,,,,
2002_Service_Manual_TI,sec_0247,629,5.4-structural_source,,,,
2002_Service_Manual_TI,sec_0247,629,5.6-numbering_scheme,,,,
2002_Service_Manual_TI,sec_0247,629,5.6-offset_applied,,,,
2002_Service_Manual_TI,sec_0247,629,5.5-filters_discarding,,,,
2002_Service_Manual_TI,sec_0247,629,5.5-filters_passing_noise,,,,
2002_Service_Manual_TI,sec_0247,629,5.5-image_section_mapping,,,,
2002_Service_Manual_TI,sec_0248,635,5.4-hierarchy_level,,,,
2002_Service_Manual_TI,sec_0248,635,5.4-parent_child,,,,
2002_Service_Manual_TI,sec_0248,635,5.4-page_start_end,,,,
2002_Service_Manual_TI,sec_0248,635,5.4-hierarchy_path,,,,
2002_Service_Manual_TI,sec_0248,635,5.4-gaps_duplicates,,,,
2002_Service_Manual_TI,sec_0248,635,5.4-flagged_for_review,,,,
2002_Service_Manual_TI,sec_0248,635,5.4-structural_source,,,,
2002_Service_Manual_TI,sec_0248,635,5.6-numbering_scheme,,,,
2002_Service_Manual_TI,sec_0248,635,5.6-offset_applied,,,,
2002_Service_Manual_TI,sec_0248,635,5.6-table_content,,,,
2002_Service_Manual_TI,sec_0248,635,5.5-filters_discarding,,,,
2002_Service_Manual_TI,sec_0248,635,5.5-filters_passing_noise,,,,
2002_Service_Manual_TI,sec_0248,635,5.5-image_section_mapping,,,,
2002_Service_Manual_TI,sec_0251,642,5.4-hierarchy_level,,,,
2002_Service_Manual_TI,sec_0251,642,5.4-parent_child,,,,
2002_Service_Manual_TI,sec_0251,642,5.4-page_start_end,,,,
2002_Service_Manual_TI,sec_0251,642,5.4-hierarchy_path,,,,
2002_Service_Manual_TI,sec_0251,642,5.4-gaps_duplicates,,,,
2002_Service_Manual_TI,sec_0251,642,5.4-flagged_for_review,,,,
2002_Service_Manual_TI,sec_0251,642,5.4-structural_source,,,,
2002_Service_Manual_TI,sec_0251,642,5.6-numbering_scheme,,,,
2002_Service_Manual_TI,sec_0251,642,5.6-offset_applied,,,,
2002_Service_Manual_TI,sec_0251,642,5.6-table_content,,,,
2002_Service_Manual_TI,sec_0251,642,5.5-filters_discarding,,,,
2002_Service_Manual_TI,sec_0251,642,5.5-filters_passing_noise,,,,
2002_Service_Manual_TI,sec_0251,642,5.5-image_section_mapping,,,,
2002_Service_Manual_TI,DOCUMENT-LEVEL,,5.6-sanity_report,,,,
2002_Service_Manual_TI,sec_0009,31,5.4-hierarchy_level,,,,
2002_Service_Manual_TI,sec_0009,31,5.4-parent_child,,,,
2002_Service_Manual_TI,sec_0009,31,5.4-page_start_end,,,,
2002_Service_Manual_TI,sec_0009,31,5.4-hierarchy_path,,,,
2002_Service_Manual_TI,sec_0009,31,5.4-gaps_duplicates,,,,
2002_Service_Manual_TI,sec_0009,31,5.4-flagged_for_review,,,,
2002_Service_Manual_TI,sec_0009,31,5.4-structural_source,,,,
2002_Service_Manual_TI,sec_0009,31,5.6-numbering_scheme,,,,
2002_Service_Manual_TI,sec_0009,31,5.6-offset_applied,,,,
2002_Service_Manual_TI,sec_0009,31,5.5-filters_discarding,,,,
2002_Service_Manual_TI,sec_0009,31,5.5-filters_passing_noise,,,,
2002_Service_Manual_TI,sec_0009,31,5.5-image_section_mapping,,,,
2002_Service_Manual_TI,sec_0009,38,5.4-hierarchy_level,,,,
2002_Service_Manual_TI,sec_0009,38,5.4-parent_child,,,,
2002_Service_Manual_TI,sec_0009,38,5.4-page_start_end,,,,
2002_Service_Manual_TI,sec_0009,38,5.4-hierarchy_path,,,,
2002_Service_Manual_TI,sec_0009,38,5.4-gaps_duplicates,,,,
2002_Service_Manual_TI,sec_0009,38,5.4-flagged_for_review,,,,
2002_Service_Manual_TI,sec_0009,38,5.4-structural_source,,,,
2002_Service_Manual_TI,sec_0009,38,5.6-numbering_scheme,,,,
2002_Service_Manual_TI,sec_0009,38,5.6-offset_applied,,,,
2002_Service_Manual_TI,sec_0009,38,5.5-filters_discarding,,,,
2002_Service_Manual_TI,sec_0009,38,5.5-filters_passing_noise,,,,
2002_Service_Manual_TI,sec_0009,38,5.5-image_section_mapping,,,,
2002_Service_Manual_TI,sec_0010,40,5.4-hierarchy_level,,,,
2002_Service_Manual_TI,sec_0010,40,5.4-parent_child,,,,
2002_Service_Manual_TI,sec_0010,40,5.4-page_start_end,,,,
2002_Service_Manual_TI,sec_0010,40,5.4-hierarchy_path,,,,
2002_Service_Manual_TI,sec_0010,40,5.4-gaps_duplicates,,,,
2002_Service_Manual_TI,sec_0010,40,5.4-flagged_for_review,,,,
2002_Service_Manual_TI,sec_0010,40,5.4-structural_source,,,,
2002_Service_Manual_TI,sec_0010,40,5.6-numbering_scheme,,,,
2002_Service_Manual_TI,sec_0010,40,5.6-offset_applied,,,,
2002_Service_Manual_TI,sec_0010,40,5.5-filters_discarding,,,,
2002_Service_Manual_TI,sec_0010,40,5.5-filters_passing_noise,,,,
2002_Service_Manual_TI,sec_0010,40,5.5-image_section_mapping,,,,
2002_Service_Manual_TI,sec_0032,114,5.4-hierarchy_level,,,,
2002_Service_Manual_TI,sec_0032,114,5.4-parent_child,,,,
2002_Service_Manual_TI,sec_0032,114,5.4-page_start_end,,,,
2002_Service_Manual_TI,sec_0032,114,5.4-hierarchy_path,,,,
2002_Service_Manual_TI,sec_0032,114,5.4-gaps_duplicates,,,,
2002_Service_Manual_TI,sec_0032,114,5.4-flagged_for_review,,,,
2002_Service_Manual_TI,sec_0032,114,5.4-structural_source,,,,
2002_Service_Manual_TI,sec_0032,114,5.6-numbering_scheme,,,,
2002_Service_Manual_TI,sec_0032,114,5.6-offset_applied,,,,
2002_Service_Manual_TI,sec_0032,114,5.5-filters_discarding,,,,
2002_Service_Manual_TI,sec_0032,114,5.5-filters_passing_noise,,,,
2002_Service_Manual_TI,sec_0032,114,5.5-image_section_mapping,,,,
2002_Service_Manual_TI,sec_0060,153,5.4-hierarchy_level,,,,
2002_Service_Manual_TI,sec_0060,153,5.4-parent_child,,,,
2002_Service_Manual_TI,sec_0060,153,5.4-page_start_end,,,,
2002_Service_Manual_TI,sec_0060,153,5.4-hierarchy_path,,,,
2002_Service_Manual_TI,sec_0060,153,5.4-gaps_duplicates,,,,
2002_Service_Manual_TI,sec_0060,153,5.4-flagged_for_review,,,,
2002_Service_Manual_TI,sec_0060,153,5.4-structural_source,,,,
2002_Service_Manual_TI,sec_0060,153,5.6-numbering_scheme,,,,
2002_Service_Manual_TI,sec_0060,153,5.6-offset_applied,,,,
2002_Service_Manual_TI,sec_0060,153,5.5-filters_discarding,,,,
2002_Service_Manual_TI,sec_0060,153,5.5-filters_passing_noise,,,,
2002_Service_Manual_TI,sec_0060,153,5.5-image_section_mapping,,,,
2002_Service_Manual_TI,sec_0086,185,5.4-hierarchy_level,,,,
2002_Service_Manual_TI,sec_0086,185,5.4-parent_child,,,,
2002_Service_Manual_TI,sec_0086,185,5.4-page_start_end,,,,
2002_Service_Manual_TI,sec_0086,185,5.4-hierarchy_path,,,,
2002_Service_Manual_TI,sec_0086,185,5.4-gaps_duplicates,,,,
2002_Service_Manual_TI,sec_0086,185,5.4-flagged_for_review,,,,
2002_Service_Manual_TI,sec_0086,185,5.4-structural_source,,,,
2002_Service_Manual_TI,sec_0086,185,5.6-numbering_scheme,,,,
2002_Service_Manual_TI,sec_0086,185,5.6-offset_applied,,,,
2002_Service_Manual_TI,sec_0086,185,5.5-filters_discarding,,,,
2002_Service_Manual_TI,sec_0086,185,5.5-filters_passing_noise,,,,
2002_Service_Manual_TI,sec_0086,185,5.5-image_section_mapping,,,,
2002_Service_Manual_TI,sec_0087,193,5.4-hierarchy_level,,,,
2002_Service_Manual_TI,sec_0087,193,5.4-parent_child,,,,
2002_Service_Manual_TI,sec_0087,193,5.4-page_start_end,,,,
2002_Service_Manual_TI,sec_0087,193,5.4-hierarchy_path,,,,
2002_Service_Manual_TI,sec_0087,193,5.4-gaps_duplicates,,,,
2002_Service_Manual_TI,sec_0087,193,5.4-flagged_for_review,,,,
2002_Service_Manual_TI,sec_0087,193,5.4-structural_source,,,,
2002_Service_Manual_TI,sec_0087,193,5.6-numbering_scheme,,,,
2002_Service_Manual_TI,sec_0087,193,5.6-offset_applied,,,,
2002_Service_Manual_TI,sec_0087,193,5.5-filters_discarding,,,,
2002_Service_Manual_TI,sec_0087,193,5.5-filters_passing_noise,,,,
2002_Service_Manual_TI,sec_0087,193,5.5-image_section_mapping,,,,
2002_Service_Manual_TI,sec_0099,229,5.4-hierarchy_level,,,,
2002_Service_Manual_TI,sec_0099,229,5.4-parent_child,,,,
2002_Service_Manual_TI,sec_0099,229,5.4-page_start_end,,,,
2002_Service_Manual_TI,sec_0099,229,5.4-hierarchy_path,,,,
2002_Service_Manual_TI,sec_0099,229,5.4-gaps_duplicates,,,,
2002_Service_Manual_TI,sec_0099,229,5.4-flagged_for_review,,,,
2002_Service_Manual_TI,sec_0099,229,5.4-structural_source,,,,
2002_Service_Manual_TI,sec_0099,229,5.6-numbering_scheme,,,,
2002_Service_Manual_TI,sec_0099,229,5.6-offset_applied,,,,
2002_Service_Manual_TI,sec_0099,229,5.5-filters_discarding,,,,
2002_Service_Manual_TI,sec_0099,229,5.5-filters_passing_noise,,,,
2002_Service_Manual_TI,sec_0099,229,5.5-image_section_mapping,,,,
2002_Service_Manual_TI,sec_0145,290,5.4-hierarchy_level,,,,
2002_Service_Manual_TI,sec_0145,290,5.4-parent_child,,,,
2002_Service_Manual_TI,sec_0145,290,5.4-page_start_end,,,,
2002_Service_Manual_TI,sec_0145,290,5.4-hierarchy_path,,,,
2002_Service_Manual_TI,sec_0145,290,5.4-gaps_duplicates,,,,
2002_Service_Manual_TI,sec_0145,290,5.4-flagged_for_review,,,,
2002_Service_Manual_TI,sec_0145,290,5.4-structural_source,,,,
2002_Service_Manual_TI,sec_0145,290,5.6-numbering_scheme,,,,
2002_Service_Manual_TI,sec_0145,290,5.6-offset_applied,,,,
2002_Service_Manual_TI,sec_0145,290,5.6-table_content,,,,
2002_Service_Manual_TI,sec_0145,290,5.5-filters_discarding,,,,
2002_Service_Manual_TI,sec_0145,290,5.5-filters_passing_noise,,,,
2002_Service_Manual_TI,sec_0145,290,5.5-image_section_mapping,,,,
2002_Service_Manual_TI,sec_0146,300,5.4-hierarchy_level,,,,
2002_Service_Manual_TI,sec_0146,300,5.4-parent_child,,,,
2002_Service_Manual_TI,sec_0146,300,5.4-page_start_end,,,,
2002_Service_Manual_TI,sec_0146,300,5.4-hierarchy_path,,,,
2002_Service_Manual_TI,sec_0146,300,5.4-gaps_duplicates,,,,
2002_Service_Manual_TI,sec_0146,300,5.4-flagged_for_review,,,,
2002_Service_Manual_TI,sec_0146,300,5.4-structural_source,,,,
2002_Service_Manual_TI,sec_0146,300,5.6-numbering_scheme,,,,
2002_Service_Manual_TI,sec_0146,300,5.6-offset_applied,,,,
2002_Service_Manual_TI,sec_0146,300,5.6-table_content,,,,
2002_Service_Manual_TI,sec_0146,300,5.5-filters_discarding,,,,
2002_Service_Manual_TI,sec_0146,300,5.5-filters_passing_noise,,,,
2002_Service_Manual_TI,sec_0146,300,5.5-image_section_mapping,,,,
2002_Service_Manual_TI,sec_0170,377,5.4-hierarchy_level,,,,
2002_Service_Manual_TI,sec_0170,377,5.4-parent_child,,,,
2002_Service_Manual_TI,sec_0170,377,5.4-page_start_end,,,,
2002_Service_Manual_TI,sec_0170,377,5.4-hierarchy_path,,,,
2002_Service_Manual_TI,sec_0170,377,5.4-gaps_duplicates,,,,
2002_Service_Manual_TI,sec_0170,377,5.4-flagged_for_review,,,,
2002_Service_Manual_TI,sec_0170,377,5.4-structural_source,,,,
2002_Service_Manual_TI,sec_0170,377,5.6-numbering_scheme,,,,
2002_Service_Manual_TI,sec_0170,377,5.6-offset_applied,,,,
2002_Service_Manual_TI,sec_0170,377,5.5-filters_discarding,,,,
2002_Service_Manual_TI,sec_0170,377,5.5-filters_passing_noise,,,,
2002_Service_Manual_TI,sec_0170,377,5.5-image_section_mapping,,,,
2002_Service_Manual_TI,sec_0172,380,5.4-hierarchy_level,,,,
2002_Service_Manual_TI,sec_0172,380,5.4-parent_child,,,,
2002_Service_Manual_TI,sec_0172,380,5.4-page_start_end,,,,
2002_Service_Manual_TI,sec_0172,380,5.4-hierarchy_path,,,,
2002_Service_Manual_TI,sec_0172,380,5.4-gaps_duplicates,,,,
2002_Service_Manual_TI,sec_0172,380,5.4-flagged_for_review,,,,
2002_Service_Manual_TI,sec_0172,380,5.4-structural_source,,,,
2002_Service_Manual_TI,sec_0172,380,5.6-numbering_scheme,,,,
2002_Service_Manual_TI,sec_0172,380,5.6-offset_applied,,,,
2002_Service_Manual_TI,sec_0172,380,5.6-table_content,,,,
2002_Service_Manual_TI,sec_0172,380,5.5-filters_discarding,,,,
2002_Service_Manual_TI,sec_0172,380,5.5-filters_passing_noise,,,,
2002_Service_Manual_TI,sec_0172,380,5.5-image_section_mapping,,,,
2002_Service_Manual_TI,sec_0173,399,5.4-hierarchy_level,,,,
2002_Service_Manual_TI,sec_0173,399,5.4-parent_child,,,,
2002_Service_Manual_TI,sec_0173,399,5.4-page_start_end,,,,
2002_Service_Manual_TI,sec_0173,399,5.4-hierarchy_path,,,,
2002_Service_Manual_TI,sec_0173,399,5.4-gaps_duplicates,,,,
2002_Service_Manual_TI,sec_0173,399,5.4-flagged_for_review,,,,
2002_Service_Manual_TI,sec_0173,399,5.4-structural_source,,,,
2002_Service_Manual_TI,sec_0173,399,5.6-numbering_scheme,,,,
2002_Service_Manual_TI,sec_0173,399,5.6-offset_applied,,,,
2002_Service_Manual_TI,sec_0173,399,5.5-filters_discarding,,,,
2002_Service_Manual_TI,sec_0173,399,5.5-filters_passing_noise,,,,
2002_Service_Manual_TI,sec_0173,399,5.5-image_section_mapping,,,,
2002_Service_Manual_TI,sec_0174,401,5.4-hierarchy_level,,,,
2002_Service_Manual_TI,sec_0174,401,5.4-parent_child,,,,
2002_Service_Manual_TI,sec_0174,401,5.4-page_start_end,,,,
2002_Service_Manual_TI,sec_0174,401,5.4-hierarchy_path,,,,
2002_Service_Manual_TI,sec_0174,401,5.4-gaps_duplicates,,,,
2002_Service_Manual_TI,sec_0174,401,5.4-flagged_for_review,,,,
2002_Service_Manual_TI,sec_0174,401,5.4-structural_source,,,,
2002_Service_Manual_TI,sec_0174,401,5.6-numbering_scheme,,,,
2002_Service_Manual_TI,sec_0174,401,5.6-offset_applied,,,,
2002_Service_Manual_TI,sec_0174,401,5.6-table_content,,,,
2002_Service_Manual_TI,sec_0174,401,5.5-filters_discarding,,,,
2002_Service_Manual_TI,sec_0174,401,5.5-filters_passing_noise,,,,
2002_Service_Manual_TI,sec_0174,401,5.5-image_section_mapping,,,,
2002_Service_Manual_TI,sec_0174,406,5.4-hierarchy_level,,,,
2002_Service_Manual_TI,sec_0174,406,5.4-parent_child,,,,
2002_Service_Manual_TI,sec_0174,406,5.4-page_start_end,,,,
2002_Service_Manual_TI,sec_0174,406,5.4-hierarchy_path,,,,
2002_Service_Manual_TI,sec_0174,406,5.4-gaps_duplicates,,,,
2002_Service_Manual_TI,sec_0174,406,5.4-flagged_for_review,,,,
2002_Service_Manual_TI,sec_0174,406,5.4-structural_source,,,,
2002_Service_Manual_TI,sec_0174,406,5.6-numbering_scheme,,,,
2002_Service_Manual_TI,sec_0174,406,5.6-offset_applied,,,,
2002_Service_Manual_TI,sec_0174,406,5.6-table_content,,,,
2002_Service_Manual_TI,sec_0174,406,5.5-filters_discarding,,,,
2002_Service_Manual_TI,sec_0174,406,5.5-filters_passing_noise,,,,
2002_Service_Manual_TI,sec_0174,406,5.5-image_section_mapping,,,,
2002_Service_Manual_TI,sec_0174,413,5.4-hierarchy_level,,,,
2002_Service_Manual_TI,sec_0174,413,5.4-parent_child,,,,
2002_Service_Manual_TI,sec_0174,413,5.4-page_start_end,,,,
2002_Service_Manual_TI,sec_0174,413,5.4-hierarchy_path,,,,
2002_Service_Manual_TI,sec_0174,413,5.4-gaps_duplicates,,,,
2002_Service_Manual_TI,sec_0174,413,5.4-flagged_for_review,,,,
2002_Service_Manual_TI,sec_0174,413,5.4-structural_source,,,,
2002_Service_Manual_TI,sec_0174,413,5.6-numbering_scheme,,,,
2002_Service_Manual_TI,sec_0174,413,5.6-offset_applied,,,,
2002_Service_Manual_TI,sec_0174,413,5.6-table_content,,,,
2002_Service_Manual_TI,sec_0174,413,5.5-filters_discarding,,,,
2002_Service_Manual_TI,sec_0174,413,5.5-filters_passing_noise,,,,
2002_Service_Manual_TI,sec_0174,413,5.5-image_section_mapping,,,,
2002_Service_Manual_TI,sec_0180,432,5.4-hierarchy_level,,,,
2002_Service_Manual_TI,sec_0180,432,5.4-parent_child,,,,
2002_Service_Manual_TI,sec_0180,432,5.4-page_start_end,,,,
2002_Service_Manual_TI,sec_0180,432,5.4-hierarchy_path,,,,
2002_Service_Manual_TI,sec_0180,432,5.4-gaps_duplicates,,,,
2002_Service_Manual_TI,sec_0180,432,5.4-flagged_for_review,,,,
2002_Service_Manual_TI,sec_0180,432,5.4-structural_source,,,,
2002_Service_Manual_TI,sec_0180,432,5.6-numbering_scheme,,,,
2002_Service_Manual_TI,sec_0180,432,5.6-offset_applied,,,,
2002_Service_Manual_TI,sec_0180,432,5.5-filters_discarding,,,,
2002_Service_Manual_TI,sec_0180,432,5.5-filters_passing_noise,,,,
2002_Service_Manual_TI,sec_0180,432,5.5-image_section_mapping,,,,
2002_Service_Manual_TI,sec_0180,434,5.4-hierarchy_level,,,,
2002_Service_Manual_TI,sec_0180,434,5.4-parent_child,,,,
2002_Service_Manual_TI,sec_0180,434,5.4-page_start_end,,,,
2002_Service_Manual_TI,sec_0180,434,5.4-hierarchy_path,,,,
2002_Service_Manual_TI,sec_0180,434,5.4-gaps_duplicates,,,,
2002_Service_Manual_TI,sec_0180,434,5.4-flagged_for_review,,,,
2002_Service_Manual_TI,sec_0180,434,5.4-structural_source,,,,
2002_Service_Manual_TI,sec_0180,434,5.6-numbering_scheme,,,,
2002_Service_Manual_TI,sec_0180,434,5.6-offset_applied,,,,
2002_Service_Manual_TI,sec_0180,434,5.5-filters_discarding,,,,
2002_Service_Manual_TI,sec_0180,434,5.5-filters_passing_noise,,,,
2002_Service_Manual_TI,sec_0180,434,5.5-image_section_mapping,,,,
2002_Service_Manual_TI,sec_0195,497,5.4-hierarchy_level,,,,
2002_Service_Manual_TI,sec_0195,497,5.4-parent_child,,,,
2002_Service_Manual_TI,sec_0195,497,5.4-page_start_end,,,,
2002_Service_Manual_TI,sec_0195,497,5.4-hierarchy_path,,,,
2002_Service_Manual_TI,sec_0195,497,5.4-gaps_duplicates,,,,
2002_Service_Manual_TI,sec_0195,497,5.4-flagged_for_review,,,,
2002_Service_Manual_TI,sec_0195,497,5.4-structural_source,,,,
2002_Service_Manual_TI,sec_0195,497,5.6-numbering_scheme,,,,
2002_Service_Manual_TI,sec_0195,497,5.6-offset_applied,,,,
2002_Service_Manual_TI,sec_0195,497,5.5-filters_discarding,,,,
2002_Service_Manual_TI,sec_0195,497,5.5-filters_passing_noise,,,,
2002_Service_Manual_TI,sec_0195,497,5.5-image_section_mapping,,,,
2002_Service_Manual_TI,sec_0226,580,5.4-hierarchy_level,,,,
2002_Service_Manual_TI,sec_0226,580,5.4-parent_child,,,,
2002_Service_Manual_TI,sec_0226,580,5.4-page_start_end,,,,
2002_Service_Manual_TI,sec_0226,580,5.4-hierarchy_path,,,,
2002_Service_Manual_TI,sec_0226,580,5.4-gaps_duplicates,,,,
2002_Service_Manual_TI,sec_0226,580,5.4-flagged_for_review,,,,
2002_Service_Manual_TI,sec_0226,580,5.4-structural_source,,,,
2002_Service_Manual_TI,sec_0226,580,5.6-numbering_scheme,,,,
2002_Service_Manual_TI,sec_0226,580,5.6-offset_applied,,,,
2002_Service_Manual_TI,sec_0226,580,5.5-filters_discarding,,,,
2002_Service_Manual_TI,sec_0226,580,5.5-filters_passing_noise,,,,
2002_Service_Manual_TI,sec_0226,580,5.5-image_section_mapping,,,,
2002_Service_Manual_TI,sec_0233,603,5.4-hierarchy_level,,,,
2002_Service_Manual_TI,sec_0233,603,5.4-parent_child,,,,
2002_Service_Manual_TI,sec_0233,603,5.4-page_start_end,,,,
2002_Service_Manual_TI,sec_0233,603,5.4-hierarchy_path,,,,
2002_Service_Manual_TI,sec_0233,603,5.4-gaps_duplicates,,,,
2002_Service_Manual_TI,sec_0233,603,5.4-flagged_for_review,,,,
2002_Service_Manual_TI,sec_0233,603,5.4-structural_source,,,,
2002_Service_Manual_TI,sec_0233,603,5.6-numbering_scheme,,,,
2002_Service_Manual_TI,sec_0233,603,5.6-offset_applied,,,,
2002_Service_Manual_TI,sec_0233,603,5.5-filters_discarding,,,,
2002_Service_Manual_TI,sec_0233,603,5.5-filters_passing_noise,,,,
2002_Service_Manual_TI,sec_0233,603,5.5-image_section_mapping,,,,
2002_Service_Manual_TI,sec_0244,625,5.4-hierarchy_level,,,,
2002_Service_Manual_TI,sec_0244,625,5.4-parent_child,,,,
2002_Service_Manual_TI,sec_0244,625,5.4-page_start_end,,,,
2002_Service_Manual_TI,sec_0244,625,5.4-hierarchy_path,,,,
2002_Service_Manual_TI,sec_0244,625,5.4-gaps_duplicates,,,,
2002_Service_Manual_TI,sec_0244,625,5.4-flagged_for_review,,,,
2002_Service_Manual_TI,sec_0244,625,5.4-structural_source,,,,
2002_Service_Manual_TI,sec_0244,625,5.6-numbering_scheme,,,,
2002_Service_Manual_TI,sec_0244,625,5.6-offset_applied,,,,
2002_Service_Manual_TI,sec_0244,625,5.5-filters_discarding,,,,
2002_Service_Manual_TI,sec_0244,625,5.5-filters_passing_noise,,,,
2002_Service_Manual_TI,sec_0244,625,5.5-image_section_mapping,,,,
2002_Service_Manual_TI,sec_0246,627,5.4-hierarchy_level,,,,
2002_Service_Manual_TI,sec_0246,627,5.4-parent_child,,,,
2002_Service_Manual_TI,sec_0246,627,5.4-page_start_end,,,,
2002_Service_Manual_TI,sec_0246,627,5.4-hierarchy_path,,,,
2002_Service_Manual_TI,sec_0246,627,5.4-gaps_duplicates,,,,
2002_Service_Manual_TI,sec_0246,627,5.4-flagged_for_review,,,,
2002_Service_Manual_TI,sec_0246,627,5.4-structural_source,,,,
2002_Service_Manual_TI,sec_0246,627,5.6-numbering_scheme,,,,
2002_Service_Manual_TI,sec_0246,627,5.6-offset_applied,,,,
2002_Service_Manual_TI,sec_0246,627,5.5-filters_discarding,,,,
2002_Service_Manual_TI,sec_0246,627,5.5-filters_passing_noise,,,,
2002_Service_Manual_TI,sec_0246,627,5.5-image_section_mapping,,,,
2002_Service_Manual_TI,sec_0249,639,5.4-hierarchy_level,,,,
2002_Service_Manual_TI,sec_0249,639,5.4-parent_child,,,,
2002_Service_Manual_TI,sec_0249,639,5.4-page_start_end,,,,
2002_Service_Manual_TI,sec_0249,639,5.4-hierarchy_path,,,,
2002_Service_Manual_TI,sec_0249,639,5.4-gaps_duplicates,,,,
2002_Service_Manual_TI,sec_0249,639,5.4-flagged_for_review,,,,
2002_Service_Manual_TI,sec_0249,639,5.4-structural_source,,,,
2002_Service_Manual_TI,sec_0249,639,5.6-numbering_scheme,,,,
2002_Service_Manual_TI,sec_0249,639,5.6-offset_applied,,,,
2002_Service_Manual_TI,sec_0249,639,5.5-filters_discarding,,,,
2002_Service_Manual_TI,sec_0249,639,5.5-filters_passing_noise,,,,
2002_Service_Manual_TI,sec_0249,639,5.5-image_section_mapping,,,,
