source,manual_id,version,section_id,page_sampled,checklist_ref,severity,evidence,notes
official,SOMATOM_Force_IFU_VB30,v1.9,sec_0069,37,5.4-page_start_end,Critical,"On p36 the first node #/texts/679 reads 'Trolley Observe the following safety information when using CARE TransX.' The sentence is printed beside the title 'Patient transport (CARE TransX)', above the 'Trolley' title. It is the intro of sec_0068, but it is stored in sec_0069. The CAUTION boxes on p36 and the WARNING boxes and note on p37 are correct. The section ends before 'Stretcher' on p37.","BUG id not known. Probably the margin title 'Trolley' was merged with the parent intro sentence into one node. Critical by the Sprint table (body node placed in another section). verify_claims has no signal on p37 because the faulty node is on p36 and is a merged text node; the p36 rendering shows it. It is it is one short sentence, so the human may regrade. No old FAIL for this section. Lead check: on p36 this sentence is printed beside the margin heading of sec_0068, so sec_0068 keeps only its heading. Cause: probably BUG-029 (margin heading)."
official,SOMATOM_Force_IFU_VB30,v1.9,sec_0167,100,5.4-page_start_end,Critical,"On p99 node #/texts/2155 is the margin label 'Gantry operator panel with Touch Panel' joined with the sentence 'For user guidance color indicators help to inform about the current operation:'. That sentence is the first line of the 'User guidance' section (sec_0166) above, but it is stored in sec_0167. The rest of the section (#/texts/2164-2204, p100 legend, p101 WARNING boxes) is correct, and page_end 108 matches the last child.","Probably a margin-label merge (BUG-029). The label node swallowed the next body line. I cannot see sec_0166 here, so it may also lose or repeat that sentence. verify_claims shows UNSUPPORTED (no automatic boundary signal) because this is a text merge inside one node; the FAIL rests on the rendered p99, where that sentence is the first line of User guidance. Please check by hand. Lead check: confirmed in tree.json. The sentence of sec_0166 is merged into heading node #/texts/2155 of sec_0167. Cause: probably BUG-029."
official,SOMATOM_Force_IFU_VB30,v1.9,sec_0170,102,5.4-page_start_end,Critical,On p102 the first paragraph ('The laser lightmarkers are laser beams that emanate from three marked points in the gantry opening...') is not in sec_0170. After the p102 header #/texts/2214 the section jumps to #/texts/2216 ('The laser lightmarkers indicate the position...'). The paragraph belongs to Laser lightmarkers but another section holds it.,"Node #/texts/2215 is missing from this section. Probably a margin-label reading-order problem (BUG-029); I cannot see which section holds it. verify_claims shows UNSUPPORTED (no automatic boundary signal) because the node is simply absent; the FAIL rests on the rendered p102, where the paragraph is visible above the lines in #/texts/2216. Please check by hand. Lead check: confirmed in tree.json. The missing paragraph is in node #/texts/2215 of sec_0171 'Touch Panel', merged with that heading. Cause: probably BUG-029."
official,SOMATOM_Force_IFU_VB30,v1.9,sec_0170,102,5.4-gaps_duplicates,Critical,Node ids in sec_0170 jump from #/texts/2214 to #/texts/2216 on p102. The first paragraph of the section text ('The laser lightmarkers are laser beams...') is the gap and is not in this section.,"Same defect as the page_start_end row (probably BUG-029). Both rows show one lost paragraph. Lead check: the paragraph is in sec_0171 node #/texts/2215, merged with its heading. Cause: probably BUG-029."
official,SOMATOM_Force_IFU_VB30,v1.9,sec_0171,102,5.4-page_start_end,Critical,"On p102 the text ""The laser lightmarkers are laser beams ... create intersections"" is printed ABOVE the margin label ""Touch Panel"" and belongs to the previous section sec_0170 (Laser lightmarkers). Node #/texts/2215 of sec_0171 starts with ""Touch Panel"" and then repeats this laser paragraph, so a paragraph of sec_0170 is absorbed into sec_0171. The real Touch Panel text (#/texts/2219) and the callout list (#/texts/2220 to 2227) are correct. Pages 102 to 107 are right.","Current cause: probably BUG-029. Old FAIL (v1, BUG-005): now fixed. The real intro text ""The Touch Panel is part of the gantry operator panel"" is now node #/texts/2219 on p102 (v1 had stray p126 content). The row still FAILs for a new, smaller reason. The margin label and the paragraph above it were read as one node. Probably BUG-029 (margin headings read before the body). Impact: one laser paragraph is retrieved under Touch Panel. verify_claims shows UNSUPPORTED (no boundary signal) because the node is on the declared page p102 and the problem is merged text inside node #/texts/2215. The finding is from the page image and the node text, not from a page-range signal."
official,SOMATOM_Force_IFU_VB30,v1.9,sec_0172,103,5.4-page_start_end,Critical,"On p103 the paragraph ""The patient data display presents the current patient information once the Patient Registration dialog box has been confirmed and closed"" is printed directly under the label ""Patient data display"", before the figure. In sec_0172 the heading #/texts/2232 is followed directly by #/texts/2235 (""Patient Information display""). The id gap #/texts/2233 to 2234 and this intro paragraph are not in sec_0172, and also not in sec_0171.","Probably BUG-029: p103 has three margin labels and body text beside them can go to another section. I could not see the node lists of sec_0173 and sec_0174, so the paragraph may be in a neighbour or lost. Either way it is missing from this section. The list items (1) and (2) and their texts are correct. Impact: the registration sentence is not retrievable under Patient data display. Not an old FAIL row. verify_claims shows UNSUPPORTED (no boundary signal) because the signal only checks page ranges. This finding is from the page image and the missing node ids, so confidence is lower. Lead check: the intro paragraph is in sec_0174 node #/texts/2234, merged with the heading 'Scan parameters display'. So it is in the wrong section, not lost. Cause: probably BUG-029."
official,SOMATOM_Force_IFU_VB30,v1.9,sec_0184,109,5.4-page_start_end,Critical,"On p109 the list under the connector photo has four items: (1) Foot switch, (2) i-Control, (3) Respiratory Gating, (4) Line On/Off reset button. sec_0184 has nodes #/texts/2358 to 2360 (items 1 to 3) but item (4) is missing. It is in sec_0185 as the node #/texts/2361, typed ""heading"". Pages 108 to 109 are right.","Old FAIL: none for this section. New defect, probably BUG-029 or BUG-023 (margin label and list item next to it). The item (4) text is lost from this list and sits in the sibling. Impact: the connector list is incomplete in sec_0184. verify_claims shows UNSUPPORTED (no boundary signal) because both nodes are on p109, inside the page range. The finding is from the page image and node coordinates (item 4 at y about 530, same height as the printed list)."
official,SOMATOM_Force_IFU_VB30,v1.9,sec_0185,109,5.4-page_start_end,Critical,"On p109 sec_0185 starts with #/texts/2361, typed ""heading"", at x=199 above the margin label. This is the list item ""(4) Line On/Off reset button"" of the connector photo, so it belongs to sec_0184. The real margin label is #/texts/2357 (x=84) and comes second, so the title is repeated. The body #/texts/2362 and #/texts/2363 is correct and complete. Page 109 is right.","Current cause: probably BUG-029. Old FAIL (v1, BUG-005): now fixed. The real p109 text (""With the Line On/Off reset button, you can disconnect..."") is now present in #/texts/2362 and 2363 (v1 had stray p127 content). The row still FAILs for a new, smaller reason: list item (4) is placed in this section and typed as heading. Probably BUG-029. See also sec_0184. verify_claims shows UNSUPPORTED (no boundary signal) because both nodes are on p109. The finding is from the page image and the node bbox."
official,SOMATOM_Force_IFU_VB30,v1.9,sec_0195,114,5.4-page_start_end,Critical,"On p114 the label ""Equipotential bonding connector pin"" has a body: ""The connector pin is used for potential equalization with other medical devices according to IEC 60601-1:2005 ... see System Owner Manual, chapter Standards and statutory regulations"". sec_0195 has node_count 0 and no semantic_order range, so the label and this paragraph are in no node of the section. The neighbour sec_0196 has only 2 nodes and the parent sec_0194 has 4 nodes.","Old FAIL: none for this section. Probably BUG-029 (p114 has three margin labels) or BUG-006 (body text lost). I could not see sibling node lists, so the text is lost or in a neighbour. Impact: the section is empty. It is also not retrievable by its title. Lead check: no node on p114 in tree.json holds 'The connector pin is used for potential equalization...'. The text is lost. The heading text is merged into sec_0194 node #/texts/2445 on p113. Cause: probably BUG-006."
official,SOMATOM_Force_IFU_VB30,v1.9,sec_0195,114,5.4-gaps_duplicates,Critical,"sec_0195 has no nodes at all (node_count 0, empty semantic_nodes), although p114 shows a label and a three-line paragraph for it at the top of the page. This is a structural gap: the declared page 114 has no content for this section.","Same root cause as the page_start_end row of sec_0195 (probably BUG-029 or BUG-006). It is the same defect seen as a coverage gap, so count it once in Task 2.3. Lead check: the p114 paragraph is in no node of tree.json, so it is lost. Cause: probably BUG-006."
official,SOMATOM_Force_IFU_VB30,v1.9,sec_0234,134,5.4-page_start_end,Critical,"On p133 sec_0234 starts at #/texts/2819, typed heading. Its text is legend line (5) of the cradle figure, not the margin label. The real margin label is #/texts/2814 at the bottom of the page. The section also holds the legend line 'Cushions' (#/texts/2820) and all body text of the page below the figure: Body support, Mattress, Head holder, the collision warning and Velcro straps for arm fixation (#/texts/2810-2813, 2821-2828). This text belongs to sibling sections, and only #/texts/2829 and p134 #/texts/2837 belong here.",Old row: none matched. Probably BUG-029 (page with several margin headings: all body goes to the last one). Impact: the sibling sections before sec_0234 probably have only their headings. Boundaries on p134 are right: #/texts/2837 is the end of this section and 'Cushions' starts sec_0235.
official,SOMATOM_Force_IFU_VB30,v1.9,sec_0234,134,5.4-gaps_duplicates,Critical,"The same p133 span (#/texts/2810-2828) is in sec_0234, so its body text of other margin headings is not under them. The legend line (5) is also typed as the section heading. Text of Body support, Mattress, Head holder and Velcro straps for arm fixation appears here, and the sibling sections probably have no body.","Same root cause as page_start_end (probably BUG-029). Do not count twice. I cannot see the sibling nodes, so 'probably' for the sibling state."
official,SOMATOM_Force_IFU_VB30,v1.9,sec_0234,134,5.5-image_section_mapping,Medium,"img_0101 (p133, 291x255) is the collision warning triangle that sits under the margin label 'Head holder'. It is mapped to sec_0234 'Velcro straps for head and body fixation'. Head holder and its warning belong to another section than the Velcro straps.","Same root cause as page_start_end (probably BUG-029): the image follows the wrongly owned text. Medium: image on the wrong sibling on a shared page. The p134 images are mapped to their own sections (sec_0236, sec_0237)."
official,SOMATOM_Force_IFU_VB30,v1.9,sec_0303,167,5.4-page_start_end,Critical,"On p167 the intro text 'If you want to close all applications and restart the syngo application only, use the third option in the End Session dialog box.' belongs under the title 'Restarting the application'. Sec_0303 has only #/texts/3487, 3488 and the steps #/texts/3491-3493. The intro text is inside node #/texts/3490, which is in sec_0305.","The intro text is in the wrong section (sec_0305, node 3490, merged with the title 'Shutting down the system after computer failure'). Probably Docling merged two margin lines into one node; no BUG id in root_causes.json for this. verify_claims shows UNSUPPORTED because it has no automatic signal for a merged node. I checked the node text in the tree export. Lead check: confirmed in the tree. Same pattern as sec_0069 p36: a margin heading merged with body text of another section. Cause: probably BUG-029."
official,SOMATOM_Force_IFU_VB30,v1.9,sec_0303,167,5.4-gaps_duplicates,Critical,The ids #/texts/3489 and 3490 are skipped between heading #/texts/3488 and step 1 #/texts/3491. Node 3490 holds the intro text of 'Restarting the application' but sits in sec_0305. Sec_0303 has a heading and steps but no intro.,"Same defect as the page_start_end row. Content is in a sibling section, so Critical. Probably a Docling merge of two margin lines. Lead check: confirmed in the tree. Same pattern as sec_0069 p36: a margin heading merged with body text of another section. Cause: probably BUG-029."
official,SOMATOM_Force_IFU_VB30,v1.9,sec_0373,184,5.4-page_start_end,Critical,"On p183 the sentence ""You can adjust the vertical and horizontal patient table positions using the gantry operator panel."" is the intro of 4.3.3, with the picture and bullet list. It is merged with the margin title in node #/texts/3953 of sec_0373. Other nodes #/texts/3961-3962 and the p184 nodes are correctly owned.","Probably BUG-029: the margin heading is read before the body, so the parent intro joins the child heading node. The sentence of the parent is in the child. The p183-184 range itself is correct. verify_claims UNSUPPORTED (no boundary signal): it is a text-owner error inside a merged node, seen on the p183 render. It may be graded Low or Medium if the lead thinks one sentence is minor."
official,SOMATOM_Force_IFU_VB30,v1.9,sec_0373,184,5.4-gaps_duplicates,Critical,The 4.3.3 intro sentence about adjusting vertical and horizontal positions is inside #/texts/3953 of sec_0373 (p183). The parent sec_0372 should own it. The p184 warning and key step (#/texts/3968-3976) appear once and are correct.,"Same cause as the page_start_end row, probably BUG-029. The child owns a text that belongs to the parent."
official,SOMATOM_Force_IFU_VB30,v1.9,sec_0447,219,5.4-page_start_end,Critical,"On p219 the node #/texts/4619 is the heading plus the info-note text 'If a conflict occurs, the CARE Profile appears, even if it is deactivated...'. That note is printed at the top of p219, above the three CARE Profile colour blocks. It is not under this heading. The real body (#/texts/4639 to 4641) is correct. Page numbers are correct (p219).","Current cause: probably BUG-029. Old FAIL (v1, BUG-005): now fixed. The real p219 text is present (4 nodes, not stray p244 content). This FAIL is a different, smaller defect: probably BUG-029 (text above a margin heading is read into that heading). The note most likely belongs to sec_0446. Impact: the note is retrieved under the wrong section. verify_claims shows no signal because node #/texts/4619 sits at the heading position; the defect was found by comparing the node text with the p219 image."
official,SOMATOM_Force_IFU_VB30,v1.9,sec_0517,248,5.4-page_start_end,Critical,"On p248 the section should begin with the sentence 'A context menu with the following functions is provided:'. It is not in the nodes. The ids jump from #/texts/5292 (page header) to #/texts/5295 ('Copying the current recon job...'), so #/texts/5293 and 5294 are not in sec_0517. The rest of p248 up to 'The Confirmation Page page is displayed' is present. The heading and list on p247 are present.","Probably the two missing nodes went to another section or were dropped. Cause not confirmed. Impact: body text of this section is lost from it. verify_claims shows no signal; the defect was found by comparing the p248 image with the node list (the sentence is in no sec_0517 node). Lead check: the sentence is in sec_0519 node #/texts/5294, merged with the heading 'Modifying Trigger parameters'. So it is in the wrong section, not lost. Cause: probably BUG-029."
official,SOMATOM_Force_IFU_VB30,v1.9,sec_0517,248,5.4-gaps_duplicates,Critical,The sentence introducing the context menu on p248 is missing. #/texts/5293 and 5294 are skipped between the page header and the bullet 'Copying the current recon job to the end'. The two bullets then appear without their lead-in line.,"Same defect as page_start_end, counted again by the contract (gap row). Probably the nodes were given to a neighbour section. Lead check: the sentence is in sec_0519 node #/texts/5294, merged with the heading 'Modifying Trigger parameters'. So it is in the wrong section, not lost. Cause: probably BUG-029."
official,SOMATOM_Force_IFU_VB30,v1.9,sec_0540,258,5.4-page_start_end,Critical,"On p258 the two top paragraphs ('The scan protocol list is exported to H:\SiteData\protocols...' and 'You have to use the File Browser...') end the previous topic. The first paragraph is merged into the first node #/texts/5605 together with the title 'Manipulating contrast protocols'. The real heading is near the bottom of p258, above step 1 (#/texts/5627).","Cause: BUG-029 (margin heading is read before the body, so text above it goes to the wrong section). Impact: one paragraph of the previous section is in this section, and the heading node text is polluted. This is a new FAIL; it was not in the old list. verify_claims shows UNSUPPORTED only because the node page numbers are inside the section range; the wrong ownership is visible on the p258 render and in the node text, so the FAIL stands."
official,SOMATOM_Force_IFU_VB30,v1.9,sec_0590,282,5.4-page_start_end,Critical,"Node #/texts/6123 starts with the heading and then 'The mattress with flat surface is used with concave table tops.' On p281 that sentence is printed under the heading 'Positioning the mattress with flat surface' (above the numbered steps). It belongs to sec_0589, not to sec_0590. The real Storing text is #/texts/6132 and the p282 step #/texts/6138.","Probably BUG-029: the margin heading text is joined with the body sentence of the previous section. sec_0589 loses its intro sentence. No old FAIL on this row in the list for sec_0590; this is a new finding. verify_claims says UNSUPPORTED because no numeric boundary signal exists; the defect is visual (p281 sentence under the sec_0589 heading, node 6123)."
official,SOMATOM_Force_IFU_VB30,v1.9,sec_0590,282,5.4-gaps_duplicates,Critical,"The sentence in #/texts/6123 about concave table tops is also the first text of the sibling sec_0589 on p281. Here it sits in sec_0590 with the Storing heading, so the coverage overlaps and sec_0589 is probably missing it.",Same root cause as page_start_end (probably BUG-029). Graded on its own row as the contract asks.
official,SOMATOM_Force_IFU_VB30,v1.9,sec_0616,295,5.4-page_start_end,Critical,"On p295 the first line of the boxed note ('The body landmarks and the iso-center of the patient could not be detected and the Preset icons are dimmed') is printed above the margin heading 'Planning the scan ranges'. It is the lead sentence of the three bullets #/texts/6402-6404. These bullets and step 2 stay in sec_0616, but the lead sentence is node #/texts/6401 in sec_0617.",Probably BUG-029 (margin heading joined with the last sentence of the previous section). The note is split between two sections. New finding for sec_0616; the same node is an old FAIL for sec_0617. verify_claims says UNSUPPORTED because no numeric boundary signal exists; the defect is visual (p295 note lead sentence in node 6401 of sec_0617).
official,SOMATOM_Force_IFU_VB30,v1.9,sec_0616,295,5.4-gaps_duplicates,Critical,"The sentence #/texts/6401 is missing from sec_0616, so the note on p295 starts with its bullets and has no lead sentence. The sentence is counted in sec_0617 with the heading text.",Same root cause as page_start_end (probably BUG-029). Graded on its own row as the contract asks.
official,SOMATOM_Force_IFU_VB30,v1.9,sec_0617,295,5.4-page_start_end,Critical,"Node #/texts/6401 is the first node and reads 'Planning the scan ranges The body landmarks and the iso-center...'. On p295 that sentence is the first line of the boxed note at the top of the page, above the margin heading. It belongs to sec_0616. The real text of this section is #/texts/6407 'You can modify the topogram scan ranges...'.","Old FAIL (v1.7, BUG-029): still present. The heading node still carries a foreign sentence from the previous section. verify_claims says UNSUPPORTED because no numeric boundary signal exists; the defect is visual (p295 note lead sentence in node 6401)."
official,SOMATOM_Force_IFU_VB30,v1.9,sec_0617,295,5.4-gaps_duplicates,Critical,"The sentence in #/texts/6401 sits in sec_0617, while the bullets #/texts/6402-6404 and step 2 of the same box stay in sec_0616. The note is split between two sections, and the heading node holds the foreign sentence.","Old FAIL (v1.7, BUG-029): still present. Same root cause as page_start_end."
official,SOMATOM_Force_IFU_VB30,v1.9,sec_0624,302,5.4-page_start_end,Critical,"The first nodes of this section are #/texts/6513 ('5 Press and hold the Move key ... saved position at the RT Laser'), #/texts/6514 and the info note #/texts/6515. On p301 they are printed above the margin heading (y about 150-300, the heading is at about y 346). They end the previous procedure 'Automated table zeroing at the CT Laser' (probably sec_0623, which ends on p300 in the tree). They are owned by sec_0624. The end of the section is right: step 4 on p302 (#/texts/6535).","Old FAIL (v1.7, BUG-029): still present. sec_0623 probably lacks its last step and note, and its page_end 300 is probably one page short. verify_claims says UNSUPPORTED because no numeric boundary signal exists; the defect is visual (p301 step 5 and note above the heading)."
official,SOMATOM_Force_IFU_VB30,v1.9,sec_0624,302,5.4-gaps_duplicates,Critical,"Step 5 and the info note on p301 (#/texts/6513-6515) are extra content in sec_0624 and are probably missing from sec_0623. The heading is also split into two nodes (#/texts/6511 'Automated table zeroing at the' and #/texts/6512 'RT Laser'), and the heading node comes after the step 5 node.","Old FAIL (v1.7, BUG-029): still present. Same root cause as page_start_end."
official,SOMATOM_Force_IFU_VB30,v1.9,sec_0624,302,5.5-image_section_mapping,Medium,"img_0291 (p301, 177x177) is the Move key beside step 5 at the top of p301. Step 5 belongs to the previous procedure (sec_0623), but the image is mapped to sec_0624. img_0293 and img_0294 (p302, steps 2 and 4) and img_0292 (the screen) are correctly in sec_0624.","Old FAIL (v1.7, BUG-029): still present. It follows from the boundary error. Text and image of step 5 are both in sec_0624, but not in the right owner. Confidence is lower because sec_0623 was not in my input."
official,SOMATOM_Force_IFU_VB30,v1.9,sec_0643,315,5.4-page_start_end,Critical,"On p314 the info box 'If you resize the range of the standard dose recon job or move it, the values will be adapted.' is above the margin heading. It is in #/texts/6785, glued to the heading text, so sec_0643 owns it. The figure above it also belongs to the previous section. Range 314-315 and the p315 notes (#/texts/6797, 6798) are right.","BUG-029: a margin heading is read before the text above it. Probably the end of the previous section (sec_0642 ends on p313) misses this note. verify_claims shows UNSUPPORTED (no numeric boundary signal) because the sampled p315 is clean; the defect is visual, on p314, inside a merged heading node."
official,SOMATOM_Force_IFU_VB30,v1.9,sec_0643,315,5.4-gaps_duplicates,Critical,"The sentence above the margin heading on p314 ('If you resize the range...') is inside node #/texts/6785 with the title 'Using scan planning for spirals'. It is printed before the heading, so it belongs to the section before. That section ends on p313, so the note is in the wrong section.","BUG-029. Same defect as the page_start_end row. I cannot see sec_0642 nodes, so I do not know if the text is also there."
official,SOMATOM_Force_IFU_VB30,v1.9,sec_0643,315,5.5-image_section_mapping,Medium,"On p314 img_0309 (scan and recon ranges figure, 263x323) is above the margin heading 'Using scan planning for spirals'. It belongs with the note before the heading, not with this section. It is mapped to sec_0643. img_0310 is below the heading and is correct.",Probably BUG-029 (same cause as the text above the heading). Medium: image on the wrong side of a shared page.
official,SOMATOM_Force_IFU_VB30,v1.9,sec_0651,320,5.4-page_start_end,Critical,"On p318 the info box 'RTD (Real Time Display) images are reconstructed...' is at the top of the page, above step 4 'Reconstruct the scan series'. It is in #/texts/6862 glued to the heading 'Performing the spiral acquisition', so sec_0651 owns it. It belongs to the section before. The range 318-320 and the p320 node #/texts/6906 (step 6) are right.",BUG-029: a margin heading is read before the text above it. The sample page p320 itself is correct; the defect is on p318. verify_claims shows UNSUPPORTED (no numeric boundary signal) because the foreign text is inside a heading node; the defect is visual.
official,SOMATOM_Force_IFU_VB30,v1.9,sec_0651,320,5.4-gaps_duplicates,Critical,"Node #/texts/6862 holds the heading plus the RTD info box that is printed at the top of p318, before step 4 of the previous procedure. Another RTD note is at the real place in this section (#/texts/6897 on p319). So the p318 note is in the wrong section.","BUG-029. Same defect as the page_start_end row. I cannot see the previous section nodes, so I do not know if its copy is missing."
official,SOMATOM_Force_IFU_VB30,v1.9,sec_0654,321,5.4-page_start_end,Critical,"On p321 the first line beside the heading is 'You can define different cycle times for one Adaptive 4D Spiral scan in the Cycle time table dialog box.' It is not in the nodes of sec_0654. The section has only #/texts/6925 (heading), steps 1 and 2 and the note (#/texts/6927-6931). The same sentence is in sec_0655 (#/texts/6926 and #/texts/6932).","BUG-029: the text beside the first margin heading goes to the next heading. The section keeps its steps, so the impact is one intro sentence. Range 321-321 is right. verify_claims shows UNSUPPORTED (no numeric boundary signal); the defect is visual, in node text."
official,SOMATOM_Force_IFU_VB30,v1.9,sec_0654,321,5.4-gaps_duplicates,Critical,"The intro sentence beside the margin heading on p321 is missing here and appears twice in sec_0655 (#/texts/6926, #/texts/6932). So a body sentence is in the wrong section and duplicated.",BUG-029. Same defect as the page_start_end row.
official,SOMATOM_Force_IFU_VB30,v1.9,sec_0655,322,5.4-page_start_end,Critical,"On p321 the first sentence in #/texts/6926 ('You can define different cycle times...') is glued to the title 'Defining different cycle times'. The same sentence is already in #/texts/6932 beside this heading. The first copy is printed at the top of p321, beside the heading of sec_0654. The p322 info boxes (#/texts/6946, 6947) and the steps are right.","BUG-029: the text beside the first margin heading goes to the next heading. Probably the extra copy is the one lost from sec_0654. Range 321-322 is right. verify_claims shows UNSUPPORTED (no numeric boundary signal); the defect is visual, in node text."
official,SOMATOM_Force_IFU_VB30,v1.9,sec_0655,322,5.4-gaps_duplicates,Critical,"The sentence 'You can define different cycle times for one Adaptive 4D Spiral scan in the Cycle time table dialog box.' is in two nodes, #/texts/6926 and #/texts/6932. The page prints it twice, once for each heading, but one copy belongs to sec_0654.",BUG-029. Same defect as the page_start_end row.
official,SOMATOM_Force_IFU_VB30,v1.9,sec_0715,356,5.4-page_start_end,Critical,"Node #/texts/7641 starts with 'Defining the start delay' and then holds 'The CT system is supposed to only send protocol data...'. On p355 that sentence is the info note at the top of the page, before steps 1-3 of 7.2.2. It does not belong to the margin heading section. The real body (7656) and the CAUTION on p356 are right.","verify_claims says UNSUPPORTED because the error is about ownership of a text node, which has no numeric boundary signal. Probably BUG-029 (margin heading read before the body, so a nearby note joins the heading node). The info note is in the wrong section and sec_0714 probably loses it. This is a new FAIL in v1.9 (no old FAIL)."
official,SOMATOM_Force_IFU_VB30,v1.9,sec_0715,356,5.4-gaps_duplicates,Critical,"The info note about the injector ready-to-receive mode (top of p355) is inside sec_0715 as part of node #/texts/7641. It is content of 7.2.2 and so is misplaced. The rest of p355-356 (7656, CAUTION 7661-7665, 7666) is complete and not duplicated.","Same defect as the page_start_end row, probably BUG-029. Graded Critical because body text sits in the wrong section."
official,SOMATOM_Force_IFU_VB30,v1.9,sec_0723,362,5.4-page_start_end,Critical,"On p362 the margin heading 'Setting scan parameters' has two body items. The first is 'You cannot modify the Scan time and the Pitch...' and it is not in sec_0723. The section has only the running header (7801), the heading (7802) and the bullet 7804. Node 7803 is probably in sec_0722, whose order range ends just before sec_0723.","verify_claims says UNSUPPORTED because the error is about ownership of a text node, which has no numeric boundary signal. Probably BUG-029 (margin heading read before the body, so body text goes to a neighbour). The section lost its first body paragraph. New FAIL in v1.9 (no old FAIL). I cannot see which section owns 7803. Lead check: the sentence is in sec_0724 node #/texts/7803, merged with the heading 'Setting gating parameters'. It is not in sec_0722. Cause: probably BUG-029."
official,SOMATOM_Force_IFU_VB30,v1.9,sec_0723,362,5.4-gaps_duplicates,Critical,Node id 7803 is missing between 7802 (heading) and 7804 (bullet) in sec_0723. It is the sentence about Scan time and Pitch printed beside the heading on p362. The section keeps 3 nodes while the page shows 2 body items.,"Same defect as the page_start_end row, probably BUG-029. Graded Critical because body text is in another section. Lead check: the sentence is in sec_0724 node #/texts/7803, merged with the heading 'Setting gating parameters'. It is not in sec_0722. Cause: probably BUG-029."
official,SOMATOM_Force_IFU_VB30,v1.9,sec_0758,378,5.4-page_start_end,Critical,"On p378 the node #/texts/8171 in sec_0758 has the heading text 'Selecting phases for Multiphase reconstruction' joined to a body paragraph: 'With the Preview Series icon, you can reconstruct images at a scan position with different delays...'. On the page this paragraph is at the top, above the margin heading, with its icon and steps 1-3. It belongs to sec_0757 'Reconstructing a Multiphase series'. The section's own text starts at #/texts/8178. The rest of the section is right: it ends at #/texts/8191 'Scroll through the list of phases' on p379, before the 'Modifying Multiphase parameters' heading.","Probably the margin heading was fused with the paragraph above it (BUG-029 family, reading order around a margin heading). One body paragraph is in the wrong section. No old FAIL for this row, so this is a new finding. verify_claims shows UNSUPPORTED because the merged node 8171 has only the heading bbox (y 546-567) and so no boundary signal; the visual check of p378 shows the paragraph is at the top of the page, above the heading, so the FAIL stands."
official,SOMATOM_Force_IFU_VB30,v1.9,sec_0758,378,5.4-gaps_duplicates,Critical,"Sec_0758 owns the Preview Series paragraph inside #/texts/8171, while it is the opening text of sec_0757 on p378. So sec_0757 has a gap and sec_0758 has text that is not its own. All other nodes (8178-8183 on p378, 8190-8191 on p379) are in order with no repeats.","Same root cause as the 5.4-page_start_end row (probably BUG-029). One defect, graded on both rows. No old FAIL for this row."
official,SOMATOM_Force_IFU_VB30,v1.9,sec_0785,387,5.4-page_start_end,Critical,On p387 four WARNING boxes (#/texts/8352-8367) are printed above the margin heading 'Mounting i-Control to the coded surgical rail'. They are in sec_0785. They continue the general i-Control warnings of sec_0784 from p386.,"Lead change from PASS (reviewer was unsure, 0.72). Content above a margin heading goes to the next section. Cause: probably BUG-029. Same pattern as sec_0643 and sec_0758. The human may keep PASS if the warnings apply only to mounting. verify_claims sees only the p388 running header (Low). The Critical grade is for the p387 warnings, which the tool cannot see."
official,SOMATOM_Force_IFU_VB30,v1.9,sec_0785,387,5.4-gaps_duplicates,Critical,On p387 four WARNING boxes (#/texts/8352-8367) are printed above the margin heading 'Mounting i-Control to the coded surgical rail'. They are in sec_0785. They continue the general i-Control warnings of sec_0784 from p386.,"Lead change from PASS (reviewer was unsure, 0.72). Content above a margin heading goes to the next section. Cause: probably BUG-029. Same pattern as sec_0643 and sec_0758. The human may keep PASS if the warnings apply only to mounting."
