bug_id,title,severity,manuals_affected,sections_affected,suspected_module,escalate
BUG-001,Chapter/appendix-opening Contents-box misplacement,Critical,DOC-0136477A; LOGIQ_S8; SOMATOM_Force_IFU_VB30,"26 sections: DOC-0136477A:sec_0004, DOC-0136477A:sec_0015, DOC-0136477A:sec_0018, DOC-0136477A:sec_0029, DOC-0136477A:sec_0059, DOC-0136477A:sec_0076, DOC-0136477A:sec_0098, DOC-0136477A:sec_0111, DOC-0136477A:sec_0126, DOC-0136477A:sec_0137, DOC-0136477A:sec_0162, DOC-0136477A:sec_0178, DOC-0136477A:sec_0189, DOC-0136477A:sec_0209, DOC-0136477A:sec_0220, DOC-0136477A:sec_0233, DOC-0136477A:sec_0245, DOC-0136477A:sec_0254, DOC-0136477A:sec_0271, LOGIQ_S8:sec_0036, LOGIQ_S8:sec_0044, LOGIQ_S8:sec_0069, LOGIQ_S8:sec_0113, SOMATOM_Force_IFU_VB30:sec_0005, SOMATOM_Force_IFU_VB30:sec_0746, SOMATOM_Force_IFU_VB30:sec_0927",section_matcher.py (reading_order),Yes
BUG-002,Back-matter silently absorbed past last bookmark,Critical,DOC-0136477A; LOGIQ_S8; LOGIQ_e_R9_General_Service_Manual; Philips-MP20-MP90-Manual; SOMATOM_Force_IFU_VB30,"9 sections: DOC-0136477A:sec_0279, LOGIQ_S8:sec_0012, LOGIQ_S8:sec_0067, LOGIQ_S8:sec_0138, LOGIQ_e_R9_General_Service_Manual:sec_0076, LOGIQ_e_R9_General_Service_Manual:sec_0083, Philips-MP20-MP90-Manual:sec_0865, SOMATOM_Force_IFU_VB30:sec_0001, SOMATOM_Force_IFU_VB30:sec_0951",section_matcher.py (page_end defaulting to total_pages),Yes
BUG-003,Sibling image/table mismapping on shared pages,Critical,DOC-0136477A; Philips-MP20-MP90-Manual; SOMATOM_Force_IFU_VB30,"20 sections: DOC-0136477A:sec_0098, DOC-0136477A:sec_0148, Philips-MP20-MP90-Manual:sec_0013, Philips-MP20-MP90-Manual:sec_0036, Philips-MP20-MP90-Manual:sec_0189, Philips-MP20-MP90-Manual:sec_0254, Philips-MP20-MP90-Manual:sec_0674, Philips-MP20-MP90-Manual:sec_0781, Philips-MP20-MP90-Manual:sec_0798, Philips-MP20-MP90-Manual:sec_0823, Philips-MP20-MP90-Manual:sec_0829, Philips-MP20-MP90-Manual:sec_0856, SOMATOM_Force_IFU_VB30:sec_0005, SOMATOM_Force_IFU_VB30:sec_0047, SOMATOM_Force_IFU_VB30:sec_0084, SOMATOM_Force_IFU_VB30:sec_0271, SOMATOM_Force_IFU_VB30:sec_0396, SOMATOM_Force_IFU_VB30:sec_0591, SOMATOM_Force_IFU_VB30:sec_0695, SOMATOM_Force_IFU_VB30:sec_0807",section_matcher.py / image-to-section mapping,Yes
BUG-004,Decorative footer divider passes image aspect-ratio filter,Low,DOC-0136477A,"34 sections: DOC-0136477A:sec_0004, DOC-0136477A:sec_0015, DOC-0136477A:sec_0018, DOC-0136477A:sec_0025, DOC-0136477A:sec_0029, DOC-0136477A:sec_0046, DOC-0136477A:sec_0047, DOC-0136477A:sec_0059, DOC-0136477A:sec_0066, DOC-0136477A:sec_0076, DOC-0136477A:sec_0085, DOC-0136477A:sec_0095, DOC-0136477A:sec_0098, DOC-0136477A:sec_0109, DOC-0136477A:sec_0111, DOC-0136477A:sec_0123, DOC-0136477A:sec_0126, DOC-0136477A:sec_0137, DOC-0136477A:sec_0148, DOC-0136477A:sec_0159, DOC-0136477A:sec_0162, DOC-0136477A:sec_0176, DOC-0136477A:sec_0178, DOC-0136477A:sec_0189, DOC-0136477A:sec_0198, DOC-0136477A:sec_0207, DOC-0136477A:sec_0209, DOC-0136477A:sec_0231, DOC-0136477A:sec_0233, DOC-0136477A:sec_0243, DOC-0136477A:sec_0245, DOC-0136477A:sec_0254, DOC-0136477A:sec_0271, DOC-0136477A:sec_0275",pipeline.py::_extract_embedded_images (§5.5 filter #5),No
BUG-005,"Content-stream desync — body text lost/misattributed around a chapter boundary (sec_0035 root cause family, SOMATOM)",Critical,SOMATOM_Force_IFU_VB30,"65 sections: SOMATOM_Force_IFU_VB30:sec_0058, SOMATOM_Force_IFU_VB30:sec_0073, SOMATOM_Force_IFU_VB30:sec_0084, SOMATOM_Force_IFU_VB30:sec_0093, SOMATOM_Force_IFU_VB30:sec_0102, SOMATOM_Force_IFU_VB30:sec_0118, SOMATOM_Force_IFU_VB30:sec_0135, SOMATOM_Force_IFU_VB30:sec_0139, SOMATOM_Force_IFU_VB30:sec_0149, SOMATOM_Force_IFU_VB30:sec_0151, SOMATOM_Force_IFU_VB30:sec_0157, SOMATOM_Force_IFU_VB30:sec_0171, SOMATOM_Force_IFU_VB30:sec_0185, SOMATOM_Force_IFU_VB30:sec_0202, SOMATOM_Force_IFU_VB30:sec_0213, SOMATOM_Force_IFU_VB30:sec_0225, SOMATOM_Force_IFU_VB30:sec_0244, SOMATOM_Force_IFU_VB30:sec_0257, SOMATOM_Force_IFU_VB30:sec_0271, SOMATOM_Force_IFU_VB30:sec_0280, SOMATOM_Force_IFU_VB30:sec_0284, SOMATOM_Force_IFU_VB30:sec_0309, SOMATOM_Force_IFU_VB30:sec_0358, SOMATOM_Force_IFU_VB30:sec_0382, SOMATOM_Force_IFU_VB30:sec_0385, SOMATOM_Force_IFU_VB30:sec_0396, SOMATOM_Force_IFU_VB30:sec_0411, SOMATOM_Force_IFU_VB30:sec_0427, SOMATOM_Force_IFU_VB30:sec_0447, SOMATOM_Force_IFU_VB30:sec_0458, SOMATOM_Force_IFU_VB30:sec_0489, SOMATOM_Force_IFU_VB30:sec_0491, SOMATOM_Force_IFU_VB30:sec_0511, SOMATOM_Force_IFU_VB30:sec_0518, SOMATOM_Force_IFU_VB30:sec_0531, SOMATOM_Force_IFU_VB30:sec_0546, SOMATOM_Force_IFU_VB30:sec_0555, SOMATOM_Force_IFU_VB30:sec_0565, SOMATOM_Force_IFU_VB30:sec_0591, SOMATOM_Force_IFU_VB30:sec_0604, SOMATOM_Force_IFU_VB30:sec_0617, SOMATOM_Force_IFU_VB30:sec_0625, SOMATOM_Force_IFU_VB30:sec_0636, SOMATOM_Force_IFU_VB30:sec_0645, SOMATOM_Force_IFU_VB30:sec_0656, SOMATOM_Force_IFU_VB30:sec_0673, SOMATOM_Force_IFU_VB30:sec_0685, SOMATOM_Force_IFU_VB30:sec_0695, SOMATOM_Force_IFU_VB30:sec_0698, SOMATOM_Force_IFU_VB30:sec_0710, SOMATOM_Force_IFU_VB30:sec_0717, SOMATOM_Force_IFU_VB30:sec_0746, SOMATOM_Force_IFU_VB30:sec_0780, SOMATOM_Force_IFU_VB30:sec_0807, SOMATOM_Force_IFU_VB30:sec_0835, SOMATOM_Force_IFU_VB30:sec_0854, SOMATOM_Force_IFU_VB30:sec_0874, SOMATOM_Force_IFU_VB30:sec_0890, SOMATOM_Force_IFU_VB30:sec_0899, SOMATOM_Force_IFU_VB30:sec_0906, SOMATOM_Force_IFU_VB30:sec_0914, SOMATOM_Force_IFU_VB30:sec_0918, SOMATOM_Force_IFU_VB30:sec_0927, SOMATOM_Force_IFU_VB30:sec_0938, SOMATOM_Force_IFU_VB30:sec_0949",docling_extract.py or section_matcher.py (reading_order/window merge — unconfirmed),Yes
BUG-006,"Body content extraction gap — section body text lost entirely, only heading (or nothing) survives as a stray node",Critical,SOMATOM_Force_IFU_VB30,"8 sections: SOMATOM_Force_IFU_VB30:sec_0546, SOMATOM_Force_IFU_VB30:sec_0565, SOMATOM_Force_IFU_VB30:sec_0899, SOMATOM_Force_IFU_VB30:sec_0914, SOMATOM_Force_IFU_VB30:sec_0918, SOMATOM_Force_IFU_VB30:sec_0927, SOMATOM_Force_IFU_VB30:sec_0938, SOMATOM_Force_IFU_VB30:sec_0949",docling_extract.py (unconfirmed — total content loss per section),Yes
BUG-007,"Native table extractor captures only the header row for symbol/glyph-marked grids, losing all data rows",Medium,AUTOMATIC_TRANSMISSION_MECHANISM_AND_FUNCTION_SECTION,"2 sections: AUTOMATIC_TRANSMISSION_MECHANISM_AND_FUNCTION_SECTION:sec_0017, AUTOMATIC_TRANSMISSION_MECHANISM_AND_FUNCTION_SECTION:sec_0018",docling table structure model (unconfirmed),No
BUG-008,"Table header cells merge/reorder during extraction, breaking column-to-value attribution",High,2002_Service_Manual_TI; LOGIQ_e_R9_General_Service_Manual; Philips-MP20-MP90-Manual,"20 sections: 2002_Service_Manual_TI:sec_0021, 2002_Service_Manual_TI:sec_0145, 2002_Service_Manual_TI:sec_0232, LOGIQ_e_R9_General_Service_Manual:sec_0069, LOGIQ_e_R9_General_Service_Manual:sec_0072, Philips-MP20-MP90-Manual:sec_0139, Philips-MP20-MP90-Manual:sec_0140, Philips-MP20-MP90-Manual:sec_0189, Philips-MP20-MP90-Manual:sec_0221, Philips-MP20-MP90-Manual:sec_0674, Philips-MP20-MP90-Manual:sec_0682, Philips-MP20-MP90-Manual:sec_0690, Philips-MP20-MP90-Manual:sec_0758, Philips-MP20-MP90-Manual:sec_0781, Philips-MP20-MP90-Manual:sec_0816, Philips-MP20-MP90-Manual:sec_0820, Philips-MP20-MP90-Manual:sec_0823, Philips-MP20-MP90-Manual:sec_0846, Philips-MP20-MP90-Manual:sec_0849, Philips-MP20-MP90-Manual:sec_0856",docling table structure model (unconfirmed),Yes
BUG-009,Table mistyped as paragraph/heading node instead of a table node (single instance),Medium,LOGIQ_e_R9_General_Service_Manual,1 sections: LOGIQ_e_R9_General_Service_Manual:sec_0078,docling table structure model (unconfirmed),No
BUG-010,Vector-drawn diagrams not captured as images — extractor only handles raster XObjects,Critical,2002_Service_Manual_TI; AUTOMATIC_TRANSMISSION_MECHANISM_AND_FUNCTION_SECTION; LOGIQ_e_R9_General_Service_Manual; Philips-MP20-MP90-Manual,"19 sections: 2002_Service_Manual_TI:sec_0036, 2002_Service_Manual_TI:sec_0073, 2002_Service_Manual_TI:sec_0079, 2002_Service_Manual_TI:sec_0088, 2002_Service_Manual_TI:sec_0093, 2002_Service_Manual_TI:sec_0099, 2002_Service_Manual_TI:sec_0134, 2002_Service_Manual_TI:sec_0172, 2002_Service_Manual_TI:sec_0185, 2002_Service_Manual_TI:sec_0215, 2002_Service_Manual_TI:sec_0233, 2002_Service_Manual_TI:sec_0239, AUTOMATIC_TRANSMISSION_MECHANISM_AND_FUNCTION_SECTION:sec_0019, AUTOMATIC_TRANSMISSION_MECHANISM_AND_FUNCTION_SECTION:sec_0020, LOGIQ_e_R9_General_Service_Manual:sec_0051, Philips-MP20-MP90-Manual:sec_0171, Philips-MP20-MP90-Manual:sec_0441, Philips-MP20-MP90-Manual:sec_0682, Philips-MP20-MP90-Manual:sec_0690",pipeline.py::_extract_embedded_images,Yes
BUG-011,Simple line-art/pictogram diagrams missing from image extraction — mechanism unconfirmed (possibly size-filtered),Medium,LOGIQ_S8,"2 sections: LOGIQ_S8:sec_0135, LOGIQ_S8:sec_0137",pipeline.py::_extract_embedded_images (unconfirmed),No
BUG-012,Sporadic single/partial image omissions from the image index — mechanism unconfirmed,Critical,LOGIQ_e_R9_General_Service_Manual,"5 sections: LOGIQ_e_R9_General_Service_Manual:sec_0020, LOGIQ_e_R9_General_Service_Manual:sec_0023, LOGIQ_e_R9_General_Service_Manual:sec_0045, LOGIQ_e_R9_General_Service_Manual:sec_0056, LOGIQ_e_R9_General_Service_Manual:sec_0063",pipeline.py::_extract_embedded_images (unconfirmed),Yes
BUG-013,Extracted image asset incorrectly rotated 180°,Medium,LOGIQ_e_R9_General_Service_Manual,1 sections: LOGIQ_e_R9_General_Service_Manual:sec_0028,pipeline.py::_extract_embedded_images (unconfirmed),No
BUG-014,Section page_end declared one page short of the true content boundary — trailing content (text or images) bleeds into or is misattributed from the neighboring section,Critical,LOGIQ_S8; Philips-MP20-MP90-Manual; SOMATOM_Force_IFU_VB30,"21 sections: LOGIQ_S8:sec_0072, LOGIQ_S8:sec_0074, LOGIQ_S8:sec_0075, LOGIQ_S8:sec_0076, LOGIQ_S8:sec_0079, LOGIQ_S8:sec_0080, LOGIQ_S8:sec_0083, LOGIQ_S8:sec_0084, LOGIQ_S8:sec_0085, LOGIQ_S8:sec_0130, LOGIQ_S8:sec_0135, LOGIQ_S8:sec_0137, Philips-MP20-MP90-Manual:sec_0073, Philips-MP20-MP90-Manual:sec_0094, Philips-MP20-MP90-Manual:sec_0241, Philips-MP20-MP90-Manual:sec_0321, Philips-MP20-MP90-Manual:sec_0515, Philips-MP20-MP90-Manual:sec_0712, Philips-MP20-MP90-Manual:sec_0800, SOMATOM_Force_IFU_VB30:sec_0058, SOMATOM_Force_IFU_VB30:sec_0555",section_matcher.py::_compute_page_ranges (unconfirmed),Yes
BUG-015,Step-illustration photos silently dropped on pages that also carry multiple table-embedded images,Medium,LOGIQ_S8,"3 sections: LOGIQ_S8:sec_0103, LOGIQ_S8:sec_0110, LOGIQ_S8:sec_0111",pipeline.py::_extract_embedded_images (unconfirmed),No
BUG-016,Near-duplicate/overlapping embedded image xrefs cause under-extraction on pages with several similar photos,Medium,SOMATOM_Force_IFU_VB30,1 sections: SOMATOM_Force_IFU_VB30:sec_0005,pipeline.py::_extract_embedded_images (unconfirmed),No
BUG-017,UI reference-icon screenshots discarded by an over-aggressive minimum-pixel-dimension image filter,High,SOMATOM_Force_IFU_VB30,1 sections: SOMATOM_Force_IFU_VB30:sec_0695,pipeline.py::_extract_embedded_images (min_image_px),Yes
BUG-018,"Cross-chapter node swap — content misattributed across non-adjacent chapter boundaries (new pattern, single instance so far)",Critical,SOMATOM_Force_IFU_VB30,1 sections: SOMATOM_Force_IFU_VB30:sec_0874,section_matcher.py (unconfirmed),Yes
BUG-019,"Heading anchor accepts a contained or empty normalized heading: a short or glyph-only section_header (e.g. '!' or 'Trends') anchors the wrong section, shifting its content to the parent or a sibling",Critical,2002_Service_Manual_TI; Philips-MP20-MP90-Manual,"11 sections: 2002_Service_Manual_TI:sec_0006, 2002_Service_Manual_TI:sec_0007, 2002_Service_Manual_TI:sec_0009, 2002_Service_Manual_TI:sec_0011, 2002_Service_Manual_TI:sec_0015, 2002_Service_Manual_TI:sec_0016, 2002_Service_Manual_TI:sec_0018, Philips-MP20-MP90-Manual:sec_0531, Philips-MP20-MP90-Manual:sec_0560, Philips-MP20-MP90-Manual:sec_0564, Philips-MP20-MP90-Manual:sec_0583",section_matcher.py::_find_heading_anchor (confirmed in code: `norm_title in norm_text or norm_text in norm_title`),Yes
BUG-020,"Minimum-area image filter (2% of the page) drops small but meaningful rasters: icons, symbols and small step photos",Critical,2002_Service_Manual_TI; Philips-MP20-MP90-Manual,"10 sections: 2002_Service_Manual_TI:sec_0251, Philips-MP20-MP90-Manual:sec_0073, Philips-MP20-MP90-Manual:sec_0341, Philips-MP20-MP90-Manual:sec_0366, Philips-MP20-MP90-Manual:sec_0461, Philips-MP20-MP90-Manual:sec_0531, Philips-MP20-MP90-Manual:sec_0564, Philips-MP20-MP90-Manual:sec_0599, Philips-MP20-MP90-Manual:sec_0674, Philips-MP20-MP90-Manual:sec_0700","pipeline.py::_extract_embedded_images (_MIN_AREA_FRAC = 0.02, confirmed in code)",Yes
BUG-021,Empty '[Table 0x0]' placeholder or a running header misdetected as a table,Low,2002_Service_Manual_TI; Philips-MP20-MP90-Manual,"2 sections: 2002_Service_Manual_TI:sec_0251, Philips-MP20-MP90-Manual:sec_0612",docling table structure model (unconfirmed),No
BUG-022,"Boilerplate boundary noise: running headers, large chapter numbers and invisible print-job slugs of the next page are appended to the preceding section",Medium,2002_Service_Manual_TI; Philips-MP20-MP90-Manual,"68 sections: 2002_Service_Manual_TI:sec_0004, 2002_Service_Manual_TI:sec_0005, 2002_Service_Manual_TI:sec_0017, 2002_Service_Manual_TI:sec_0021, 2002_Service_Manual_TI:sec_0025, 2002_Service_Manual_TI:sec_0032, 2002_Service_Manual_TI:sec_0036, 2002_Service_Manual_TI:sec_0041, 2002_Service_Manual_TI:sec_0047, 2002_Service_Manual_TI:sec_0052, 2002_Service_Manual_TI:sec_0062, 2002_Service_Manual_TI:sec_0066, 2002_Service_Manual_TI:sec_0084, 2002_Service_Manual_TI:sec_0087, 2002_Service_Manual_TI:sec_0088, 2002_Service_Manual_TI:sec_0089, 2002_Service_Manual_TI:sec_0093, 2002_Service_Manual_TI:sec_0099, 2002_Service_Manual_TI:sec_0105, 2002_Service_Manual_TI:sec_0111, 2002_Service_Manual_TI:sec_0117, 2002_Service_Manual_TI:sec_0123, 2002_Service_Manual_TI:sec_0128, 2002_Service_Manual_TI:sec_0141, 2002_Service_Manual_TI:sec_0144, 2002_Service_Manual_TI:sec_0145, 2002_Service_Manual_TI:sec_0146, 2002_Service_Manual_TI:sec_0152, 2002_Service_Manual_TI:sec_0153, 2002_Service_Manual_TI:sec_0158, 2002_Service_Manual_TI:sec_0160, 2002_Service_Manual_TI:sec_0169, 2002_Service_Manual_TI:sec_0176, 2002_Service_Manual_TI:sec_0179, 2002_Service_Manual_TI:sec_0187, 2002_Service_Manual_TI:sec_0192, 2002_Service_Manual_TI:sec_0206, 2002_Service_Manual_TI:sec_0210, 2002_Service_Manual_TI:sec_0222, 2002_Service_Manual_TI:sec_0223, 2002_Service_Manual_TI:sec_0232, 2002_Service_Manual_TI:sec_0235, 2002_Service_Manual_TI:sec_0239, 2002_Service_Manual_TI:sec_0247, Philips-MP20-MP90-Manual:sec_0092, Philips-MP20-MP90-Manual:sec_0101, Philips-MP20-MP90-Manual:sec_0137, Philips-MP20-MP90-Manual:sec_0139, Philips-MP20-MP90-Manual:sec_0140, Philips-MP20-MP90-Manual:sec_0142, Philips-MP20-MP90-Manual:sec_0169, Philips-MP20-MP90-Manual:sec_0274, Philips-MP20-MP90-Manual:sec_0366, Philips-MP20-MP90-Manual:sec_0367, Philips-MP20-MP90-Manual:sec_0395, Philips-MP20-MP90-Manual:sec_0421, Philips-MP20-MP90-Manual:sec_0441, Philips-MP20-MP90-Manual:sec_0480, Philips-MP20-MP90-Manual:sec_0497, Philips-MP20-MP90-Manual:sec_0612, Philips-MP20-MP90-Manual:sec_0633, Philips-MP20-MP90-Manual:sec_0682, Philips-MP20-MP90-Manual:sec_0690, Philips-MP20-MP90-Manual:sec_0723, Philips-MP20-MP90-Manual:sec_0758, Philips-MP20-MP90-Manual:sec_0844, Philips-MP20-MP90-Manual:sec_0846, Philips-MP20-MP90-Manual:sec_0849",section_matcher.py (no header/footer or invisible-text filter; unconfirmed),No
BUG-023,Reading-order misattribution around a same-page heading transition: content printed before or after a heading on the same page is assigned to the neighbouring section,Critical,2002_Service_Manual_TI; Philips-MP20-MP90-Manual,"10 sections: 2002_Service_Manual_TI:sec_0184, 2002_Service_Manual_TI:sec_0185, Philips-MP20-MP90-Manual:sec_0013, Philips-MP20-MP90-Manual:sec_0036, Philips-MP20-MP90-Manual:sec_0254, Philips-MP20-MP90-Manual:sec_0652, Philips-MP20-MP90-Manual:sec_0807, Philips-MP20-MP90-Manual:sec_0816, Philips-MP20-MP90-Manual:sec_0817, Philips-MP20-MP90-Manual:sec_0820",section_matcher.py (reading_order around same-page heading transitions; unconfirmed),Yes
TRIAGE-001,[needs manual root-cause review] 5.5-filters_discarding FAILs in LOGIQ_S8,Medium,LOGIQ_S8,1 sections: LOGIQ_S8:sec_0080,,No
TRIAGE-002,[needs manual root-cause review] 5.5-filters_discarding FAILs in LOGIQ_e_R9_General_Service_Manual,High,LOGIQ_e_R9_General_Service_Manual,1 sections: LOGIQ_e_R9_General_Service_Manual:sec_0082,,Yes
