bug_id,manual_id,section_id,page_sampled,checklist_ref,severity
BUG-001,DOC-0136477A,sec_0004,17,5.4-page_start_end,Low
BUG-003,Philips-MP20-MP90-Manual,sec_0024,28,5.5-image_section_mapping,Medium
BUG-003,SOMATOM_Force_IFU_VB30,sec_0395,196,5.5-image_section_mapping,Medium
BUG-007,AUTOMATIC_TRANSMISSION_MECHANISM_AND_FUNCTION_SECTION,sec_0017,33,5.6-table_content,Medium
BUG-007,AUTOMATIC_TRANSMISSION_MECHANISM_AND_FUNCTION_SECTION,sec_0018,55,5.6-table_content,Medium
BUG-008,2002_Service_Manual_TI,sec_0002,1,5.6-table_content,Low
BUG-008,2002_Service_Manual_TI,sec_0004,8,5.6-table_content,Low
BUG-008,2002_Service_Manual_TI,sec_0005,14,5.6-table_content,Low
BUG-008,2002_Service_Manual_TI,sec_0006,21,5.6-table_content,Low
BUG-008,2002_Service_Manual_TI,sec_0011,54,5.6-table_content,Medium
BUG-008,2002_Service_Manual_TI,sec_0018,88,5.6-table_content,Low
BUG-008,2002_Service_Manual_TI,sec_0052,141,5.6-table_content,Low
BUG-008,2002_Service_Manual_TI,sec_0084,181,5.6-table_content,Low
BUG-008,2002_Service_Manual_TI,sec_0089,208,5.6-table_content,Low
BUG-008,2002_Service_Manual_TI,sec_0232,589,5.6-table_content,Medium
BUG-008,2002_Service_Manual_TI,sec_0122,253,5.6-table_content,Medium
BUG-008,AUTOMATIC_TRANSMISSION_MECHANISM_AND_FUNCTION_SECTION,sec_0015,25,5.6-table_content,Critical
BUG-008,AUTOMATIC_TRANSMISSION_MECHANISM_AND_FUNCTION_SECTION,sec_0016,29,5.6-table_content,Critical
BUG-008,DOC-0136477A,sec_0015,27,5.6-table_content,Medium
BUG-008,DOC-0136477A,sec_0245,206,5.6-table_content,Medium
BUG-008,DOC-0136477A,sec_0008,19,5.6-table_content,Medium
BUG-008,DOC-0136477A,sec_0008,21,5.6-table_content,Low
BUG-008,DOC-0136477A,sec_0024,39,5.6-table_content,Low
BUG-008,DOC-0136477A,sec_0068,71,5.6-table_content,Low
BUG-008,DOC-0136477A,sec_0243,202,5.6-table_content,Medium
BUG-008,DOC-0136477A,sec_0252,214,5.6-table_content,Medium
BUG-008,DOC-0136477A,sec_0261,218,5.6-table_content,Medium
BUG-008,DOC-0136477A,sec_0272,225,5.6-table_content,Medium
BUG-008,LOGIQ_S8,sec_0014,77,5.6-table_content,Low
BUG-008,LOGIQ_S8,sec_0044,239,5.6-table_content,Low
BUG-008,LOGIQ_S8,sec_0045,246,5.6-table_content,Medium
BUG-008,LOGIQ_S8,sec_0060,283,5.6-table_content,Low
BUG-008,LOGIQ_S8,sec_0063,304,5.6-table_content,Medium
BUG-008,LOGIQ_S8,sec_0072,384,5.6-table_content,Medium
BUG-008,LOGIQ_S8,sec_0079,478,5.6-table_content,Low
BUG-008,LOGIQ_S8,sec_0086,558,5.6-table_content,Low
BUG-008,LOGIQ_S8,sec_0088,578,5.6-table_content,Low
BUG-008,LOGIQ_S8,sec_0095,618,5.6-table_content,Medium
BUG-008,LOGIQ_S8,sec_0104,686,5.6-table_content,Low
BUG-008,LOGIQ_S8,sec_0107,699,5.6-table_content,Low
BUG-008,LOGIQ_S8,sec_0109,712,5.6-table_content,Low
BUG-008,LOGIQ_S8,sec_0110,726,5.6-table_content,Low
BUG-008,LOGIQ_S8,sec_0111,753,5.6-table_content,Low
BUG-008,LOGIQ_S8,sec_0116,774,5.6-table_content,Low
BUG-008,LOGIQ_S8,sec_0122,802,5.6-table_content,Medium
BUG-008,LOGIQ_S8,sec_0123,809,5.6-table_content,Low
BUG-008,LOGIQ_S8,sec_0127,830,5.6-table_content,Medium
BUG-008,LOGIQ_S8,sec_0128,837,5.6-table_content,Medium
BUG-008,LOGIQ_S8,sec_0130,873,5.6-table_content,Low
BUG-008,LOGIQ_S8,sec_0001,24,5.6-table_content,Medium
BUG-008,LOGIQ_S8,sec_0066,360,5.6-table_content,Medium
BUG-008,LOGIQ_S8,sec_0074,418,5.6-table_content,Low
BUG-008,LOGIQ_S8,sec_0086,556,5.6-table_content,Low
BUG-008,LOGIQ_S8,sec_0095,629,5.6-table_content,Low
BUG-008,LOGIQ_S8,sec_0109,721,5.6-table_content,Low
BUG-008,LOGIQ_S8,sec_0111,756,5.6-table_content,Low
BUG-008,LOGIQ_S8,sec_0111,757,5.6-table_content,Low
BUG-008,LOGIQ_S8,sec_0126,827,5.6-table_content,Medium
BUG-008,LOGIQ_S8,sec_0126,828,5.6-table_content,Medium
BUG-008,LOGIQ_S8,sec_0138,909,5.6-table_content,Low
BUG-008,LOGIQ_e_R9_General_Service_Manual,sec_0003,36,5.6-table_content,Critical
BUG-008,LOGIQ_e_R9_General_Service_Manual,sec_0083,549,5.6-table_content,Low
BUG-008,LOGIQ_e_R9_General_Service_Manual,sec_0005,43,5.6-table_content,Medium
BUG-008,LOGIQ_e_R9_General_Service_Manual,sec_0063,443,5.6-table_content,Medium
BUG-008,Philips-MP20-MP90-Manual,sec_0583,303,5.6-table_content,Medium
BUG-008,Philips-MP20-MP90-Manual,sec_0612,320,5.6-table_content,Low
BUG-008,Philips-MP20-MP90-Manual,sec_0652,343,5.6-table_content,Low
BUG-008,Philips-MP20-MP90-Manual,sec_0781,402,5.6-table_content,Medium
BUG-008,Philips-MP20-MP90-Manual,sec_0815,428,5.6-table_content,Medium
BUG-008,Philips-MP20-MP90-Manual,sec_0817,435,5.6-table_content,Medium
BUG-008,Philips-MP20-MP90-Manual,sec_0820,442,5.6-table_content,Low
BUG-008,Philips-MP20-MP90-Manual,sec_0103,68,5.6-table_content,Low
BUG-008,Philips-MP20-MP90-Manual,sec_0392,222,5.6-table_content,Medium
BUG-008,Philips-MP20-MP90-Manual,sec_0527,282,5.6-table_content,Low
BUG-008,Philips-MP20-MP90-Manual,sec_0585,305,5.6-table_content,Low
BUG-008,Philips-MP20-MP90-Manual,sec_0646,339,5.6-table_content,Low
BUG-008,Philips-MP20-MP90-Manual,sec_0820,443,5.6-table_content,Critical
BUG-008,Philips-MP20-MP90-Manual,sec_0846,469,5.6-table_content,Low
BUG-008,SOMATOM_Force_IFU_VB30,sec_0673,329,5.6-table_content,Medium
BUG-009,LOGIQ_S8,sec_0005,51,5.6-table_content,Low
BUG-009,LOGIQ_S8,sec_0083,491,5.6-table_content,Low
BUG-009,LOGIQ_e_R9_General_Service_Manual,sec_0078,504,5.6-table_content,Low
BUG-010,2002_Service_Manual_TI,sec_0002,1,5.5-filters_passing_noise,Low
BUG-010,2002_Service_Manual_TI,sec_0145,288,5.5-filters_passing_noise,Low
BUG-010,2002_Service_Manual_TI,sec_0180,435,5.5-filters_passing_noise,Low
BUG-010,AUTOMATIC_TRANSMISSION_MECHANISM_AND_FUNCTION_SECTION,sec_0019,77,5.5-filters_discarding,Low
BUG-010,AUTOMATIC_TRANSMISSION_MECHANISM_AND_FUNCTION_SECTION,sec_0020,109,5.5-filters_discarding,Low
BUG-010,AUTOMATIC_TRANSMISSION_MECHANISM_AND_FUNCTION_SECTION,sec_0020,126,5.5-filters_passing_noise,Low
BUG-010,DOC-0136477A,sec_0024,39,5.5-filters_discarding,Medium
BUG-010,DOC-0136477A,sec_0279,240,5.5-filters_passing_noise,Low
BUG-010,LOGIQ_S8,sec_0001,1,5.5-filters_passing_noise,Low
BUG-010,LOGIQ_S8,sec_0026,126,5.5-filters_discarding,Low
BUG-010,LOGIQ_S8,sec_0028,140,5.5-filters_passing_noise,Low
BUG-010,LOGIQ_S8,sec_0074,390,5.5-filters_passing_noise,Low
BUG-010,LOGIQ_S8,sec_0076,471,5.5-filters_passing_noise,Low
BUG-010,LOGIQ_S8,sec_0083,491,5.5-filters_passing_noise,Low
BUG-010,LOGIQ_S8,sec_0084,504,5.5-filters_discarding,Low
BUG-010,LOGIQ_S8,sec_0084,504,5.5-filters_passing_noise,Low
BUG-010,LOGIQ_S8,sec_0087,572,5.5-filters_discarding,Low
BUG-010,LOGIQ_S8,sec_0088,578,5.5-filters_discarding,Low
BUG-010,LOGIQ_S8,sec_0092,598,5.5-filters_discarding,Low
BUG-010,LOGIQ_S8,sec_0093,612,5.5-filters_discarding,Low
BUG-010,LOGIQ_S8,sec_0093,612,5.5-filters_passing_noise,Low
BUG-010,LOGIQ_S8,sec_0095,618,5.5-filters_discarding,Low
BUG-010,LOGIQ_S8,sec_0097,639,5.5-filters_discarding,Low
BUG-010,LOGIQ_S8,sec_0104,686,5.5-filters_discarding,Low
BUG-010,LOGIQ_S8,sec_0110,726,5.5-filters_passing_noise,Low
BUG-010,LOGIQ_S8,sec_0121,788,5.5-filters_passing_noise,Low
BUG-010,LOGIQ_S8,sec_0135,880,5.5-filters_passing_noise,Low
BUG-010,LOGIQ_S8,sec_0038,198,5.5-filters_discarding,Low
BUG-010,LOGIQ_S8,sec_0039,207,5.5-filters_passing_noise,Low
BUG-010,LOGIQ_S8,sec_0086,555,5.5-filters_discarding,Low
BUG-010,LOGIQ_S8,sec_0086,563,5.5-filters_discarding,Medium
BUG-010,LOGIQ_S8,sec_0095,629,5.5-filters_passing_noise,Low
BUG-010,LOGIQ_e_R9_General_Service_Manual,sec_0020,96,5.5-filters_passing_noise,Low
BUG-010,LOGIQ_e_R9_General_Service_Manual,sec_0051,383,5.5-filters_passing_noise,Low
BUG-010,LOGIQ_e_R9_General_Service_Manual,sec_0074,492,5.5-filters_discarding,Medium
BUG-010,LOGIQ_e_R9_General_Service_Manual,sec_0082,540,5.5-filters_discarding,Medium
BUG-010,Philips-MP20-MP90-Manual,sec_0634,333,5.5-filters_discarding,Medium
BUG-010,Philips-MP20-MP90-Manual,sec_0731,381,5.5-filters_discarding,Low
BUG-010,Philips-MP20-MP90-Manual,sec_0807,420,5.5-filters_discarding,Medium
BUG-010,Philips-MP20-MP90-Manual,sec_0807,420,5.5-filters_passing_noise,Low
BUG-010,Philips-MP20-MP90-Manual,sec_0026,31,5.5-filters_discarding,Medium
BUG-010,Philips-MP20-MP90-Manual,sec_0245,161,5.5-filters_discarding,Medium
BUG-010,Philips-MP20-MP90-Manual,sec_0623,327,5.5-filters_passing_noise,Low
BUG-010,Philips-MP20-MP90-Manual,sec_0668,351,5.5-filters_discarding,Medium
BUG-010,Philips-MP20-MP90-Manual,sec_0733,383,5.5-filters_discarding,Low
BUG-011,LOGIQ_S8,sec_0127,830,5.5-filters_discarding,Critical
BUG-011,LOGIQ_S8,sec_0135,880,5.5-filters_discarding,Low
BUG-011,LOGIQ_S8,sec_0126,828,5.5-filters_discarding,Critical
BUG-011,LOGIQ_S8,sec_0137,894,5.5-filters_discarding,Low
BUG-012,LOGIQ_e_R9_General_Service_Manual,sec_0020,96,5.5-filters_discarding,Low
BUG-012,LOGIQ_e_R9_General_Service_Manual,sec_0056,404,5.5-filters_discarding,Low
BUG-012,LOGIQ_e_R9_General_Service_Manual,sec_0020,98,5.5-filters_discarding,Low
BUG-013,SOMATOM_Force_IFU_VB30,sec_0188,110,5.5-image_section_mapping,Medium
BUG-013,SOMATOM_Force_IFU_VB30,sec_0373,184,5.5-filters_discarding,Medium
BUG-015,LOGIQ_S8,sec_0110,726,5.5-filters_discarding,Low
BUG-015,LOGIQ_S8,sec_0110,735,5.5-filters_discarding,Low
BUG-016,SOMATOM_Force_IFU_VB30,sec_0517,248,5.5-filters_discarding,Low
BUG-016,SOMATOM_Force_IFU_VB30,sec_0518,248,5.5-filters_discarding,Low
BUG-016,SOMATOM_Force_IFU_VB30,sec_0531,255,5.5-filters_discarding,Low
BUG-017,DOC-0136477A,sec_0065,69,5.5-filters_discarding,Medium
BUG-017,DOC-0136477A,sec_0085,82,5.5-filters_discarding,Low
BUG-017,DOC-0136477A,sec_0095,89,5.5-filters_discarding,Low
BUG-017,DOC-0136477A,sec_0098,90,5.5-filters_discarding,Low
BUG-017,DOC-0136477A,sec_0126,112,5.5-filters_discarding,Low
BUG-017,DOC-0136477A,sec_0158,133,5.5-filters_discarding,Low
BUG-017,DOC-0136477A,sec_0175,144,5.5-filters_discarding,Low
BUG-017,DOC-0136477A,sec_0206,170,5.5-filters_discarding,Low
BUG-017,DOC-0136477A,sec_0209,171,5.5-filters_discarding,Low
BUG-017,DOC-0136477A,sec_0050,56,5.5-filters_discarding,Low
BUG-017,DOC-0136477A,sec_0054,58,5.5-filters_discarding,Low
BUG-017,DOC-0136477A,sec_0056,60,5.5-filters_discarding,Low
BUG-017,DOC-0136477A,sec_0068,71,5.5-filters_discarding,Low
BUG-017,DOC-0136477A,sec_0082,80,5.5-filters_discarding,Low
BUG-017,DOC-0136477A,sec_0090,85,5.6-table_content,Low
BUG-017,DOC-0136477A,sec_0090,85,5.5-filters_discarding,Low
BUG-017,DOC-0136477A,sec_0103,94,5.5-filters_discarding,Low
BUG-017,DOC-0136477A,sec_0106,96,5.5-filters_discarding,Low
BUG-017,DOC-0136477A,sec_0108,98,5.5-filters_discarding,Low
BUG-017,DOC-0136477A,sec_0109,100,5.5-filters_discarding,Low
BUG-017,DOC-0136477A,sec_0113,103,5.5-filters_discarding,Low
BUG-017,DOC-0136477A,sec_0121,110,5.5-filters_discarding,Low
BUG-017,DOC-0136477A,sec_0128,114,5.5-filters_discarding,Low
BUG-017,DOC-0136477A,sec_0138,121,5.5-filters_discarding,Low
BUG-017,DOC-0136477A,sec_0142,123,5.5-filters_discarding,Low
BUG-017,DOC-0136477A,sec_0156,131,5.5-filters_discarding,Low
BUG-017,DOC-0136477A,sec_0167,140,5.5-filters_discarding,Low
BUG-017,DOC-0136477A,sec_0184,150,5.5-filters_discarding,Low
BUG-017,DOC-0136477A,sec_0203,167,5.5-filters_discarding,Low
BUG-017,DOC-0136477A,sec_0274,229,5.5-filters_discarding,Low
BUG-017,LOGIQ_S8,sec_0024,105,5.5-filters_discarding,Low
BUG-017,LOGIQ_S8,sec_0025,112,5.5-filters_discarding,Low
BUG-017,LOGIQ_S8,sec_0028,140,5.5-filters_discarding,Low
BUG-017,LOGIQ_S8,sec_0029,160,5.5-filters_discarding,Low
BUG-017,LOGIQ_S8,sec_0074,462,5.5-filters_discarding,Low
BUG-017,LOGIQ_e_R9_General_Service_Manual,sec_0048,344,5.5-filters_discarding,Low
BUG-017,Philips-MP20-MP90-Manual,sec_0036,34,5.5-filters_discarding,Low
BUG-017,Philips-MP20-MP90-Manual,sec_0564,295,5.5-filters_discarding,Low
BUG-017,Philips-MP20-MP90-Manual,sec_0599,312,5.5-filters_discarding,Medium
BUG-017,Philips-MP20-MP90-Manual,sec_0037,36,5.5-filters_discarding,Low
BUG-017,Philips-MP20-MP90-Manual,sec_0065,47,5.5-filters_discarding,Low
BUG-017,SOMATOM_Force_IFU_VB30,sec_0001,2,5.6-table_content,Low
BUG-017,SOMATOM_Force_IFU_VB30,sec_0001,2,5.5-filters_discarding,Low
BUG-017,SOMATOM_Force_IFU_VB30,sec_0303,167,5.5-filters_discarding,Low
BUG-017,SOMATOM_Force_IFU_VB30,sec_0604,288,5.5-filters_discarding,Low
BUG-017,SOMATOM_Force_IFU_VB30,sec_0616,295,5.5-filters_discarding,Low
BUG-017,SOMATOM_Force_IFU_VB30,sec_0624,302,5.5-filters_discarding,Low
BUG-017,SOMATOM_Force_IFU_VB30,sec_0673,329,5.5-filters_discarding,Low
BUG-017,SOMATOM_Force_IFU_VB30,sec_0710,350,5.6-table_content,Low
BUG-017,SOMATOM_Force_IFU_VB30,sec_0710,350,5.5-filters_discarding,Low
BUG-017,SOMATOM_Force_IFU_VB30,sec_0914,432,5.5-filters_discarding,Low
BUG-017,SOMATOM_Force_IFU_VB30,sec_0939,454,5.5-filters_discarding,Low
BUG-017,SOMATOM_Force_IFU_VB30,sec_0355,178,5.5-filters_discarding,Low
BUG-017,SOMATOM_Force_IFU_VB30,sec_0617,295,5.5-filters_discarding,Low
BUG-017,SOMATOM_Force_IFU_VB30,sec_0625,302,5.5-filters_discarding,Low
BUG-017,SOMATOM_Force_IFU_VB30,sec_0636,309,5.5-filters_discarding,Low
BUG-017,SOMATOM_Force_IFU_VB30,sec_0656,322,5.5-filters_discarding,Low
BUG-017,SOMATOM_Force_IFU_VB30,sec_0753,375,5.5-filters_discarding,Low
BUG-017,SOMATOM_Force_IFU_VB30,sec_0758,378,5.5-filters_discarding,Low
BUG-017,SOMATOM_Force_IFU_VB30,sec_0759,379,5.5-filters_discarding,Low
BUG-017,SOMATOM_Force_IFU_VB30,sec_0807,393,5.5-filters_discarding,Low
BUG-017,SOMATOM_Force_IFU_VB30,sec_0831,399,5.5-filters_discarding,Medium
BUG-017,SOMATOM_Force_IFU_VB30,sec_0835,400,5.5-filters_discarding,Low
BUG-017,SOMATOM_Force_IFU_VB30,sec_0914,431,5.5-filters_discarding,Low
BUG-017,SOMATOM_Force_IFU_VB30,sec_0916,436,5.5-filters_discarding,Low
BUG-017,SOMATOM_Force_IFU_VB30,sec_0918,438,5.5-filters_discarding,Low
BUG-017,SOMATOM_Force_IFU_VB30,sec_0938,453,5.5-filters_discarding,Low
BUG-019,SOMATOM_Force_IFU_VB30,sec_0225,131,5.4-page_start_end,Critical
BUG-019,SOMATOM_Force_IFU_VB30,sec_0244,138,5.4-page_start_end,Critical
BUG-019,SOMATOM_Force_IFU_VB30,sec_0244,138,5.4-gaps_duplicates,Critical
BUG-019,SOMATOM_Force_IFU_VB30,sec_0244,138,5.5-image_section_mapping,Medium
BUG-020,LOGIQ_S8,sec_0006,60,5.5-filters_discarding,Low
BUG-020,LOGIQ_S8,sec_0036,189,5.5-filters_discarding,Low
BUG-020,LOGIQ_S8,sec_0069,377,5.5-filters_discarding,Low
BUG-020,LOGIQ_S8,sec_0005,54,5.5-filters_discarding,Low
BUG-020,LOGIQ_S8,sec_0006,63,5.5-filters_discarding,Low
BUG-020,LOGIQ_S8,sec_0038,195,5.5-filters_discarding,Low
BUG-020,LOGIQ_S8,sec_0046,249,5.5-filters_discarding,Low
BUG-020,LOGIQ_S8,sec_0086,568,5.5-filters_discarding,Low
BUG-020,LOGIQ_e_R9_General_Service_Manual,sec_0006,55,5.5-filters_discarding,Low
BUG-020,LOGIQ_e_R9_General_Service_Manual,sec_0007,62,5.5-filters_discarding,Low
BUG-020,LOGIQ_e_R9_General_Service_Manual,sec_0028,170,5.5-filters_discarding,Low
BUG-020,LOGIQ_e_R9_General_Service_Manual,sec_0032,231,5.5-filters_discarding,Low
BUG-020,LOGIQ_e_R9_General_Service_Manual,sec_0059,426,5.5-filters_discarding,Low
BUG-020,LOGIQ_e_R9_General_Service_Manual,sec_0072,481,5.5-filters_discarding,Low
BUG-020,LOGIQ_e_R9_General_Service_Manual,sec_0079,530,5.5-filters_discarding,Low
BUG-020,LOGIQ_e_R9_General_Service_Manual,sec_0005,43,5.5-filters_discarding,Low
BUG-020,LOGIQ_e_R9_General_Service_Manual,sec_0006,56,5.5-filters_discarding,Low
BUG-020,LOGIQ_e_R9_General_Service_Manual,sec_0006,60,5.5-filters_discarding,Low
BUG-020,LOGIQ_e_R9_General_Service_Manual,sec_0021,102,5.5-filters_discarding,Low
BUG-020,LOGIQ_e_R9_General_Service_Manual,sec_0029,203,5.5-filters_discarding,Low
BUG-020,LOGIQ_e_R9_General_Service_Manual,sec_0032,232,5.5-filters_discarding,Low
BUG-020,LOGIQ_e_R9_General_Service_Manual,sec_0050,371,5.5-filters_discarding,Low
BUG-020,LOGIQ_e_R9_General_Service_Manual,sec_0077,498,5.5-filters_discarding,Low
BUG-020,LOGIQ_e_R9_General_Service_Manual,sec_0079,531,5.5-filters_discarding,Low
BUG-020,Philips-MP20-MP90-Manual,sec_0073,49,5.5-filters_discarding,Low
BUG-020,Philips-MP20-MP90-Manual,sec_0531,283,5.5-filters_discarding,Low
BUG-020,Philips-MP20-MP90-Manual,sec_0674,355,5.5-filters_discarding,Low
BUG-020,Philips-MP20-MP90-Manual,sec_0700,367,5.5-filters_discarding,Low
BUG-020,Philips-MP20-MP90-Manual,sec_0078,52,5.5-filters_discarding,Low
BUG-020,Philips-MP20-MP90-Manual,sec_0125,75,5.5-filters_discarding,Low
BUG-020,Philips-MP20-MP90-Manual,sec_0164,125,5.5-filters_discarding,Low
BUG-020,Philips-MP20-MP90-Manual,sec_0327,192,5.5-filters_discarding,Low
BUG-020,SOMATOM_Force_IFU_VB30,sec_0157,95,5.5-filters_discarding,Low
BUG-020,SOMATOM_Force_IFU_VB30,sec_0170,102,5.5-filters_discarding,Low
BUG-020,SOMATOM_Force_IFU_VB30,sec_0244,138,5.5-filters_discarding,Low
BUG-020,SOMATOM_Force_IFU_VB30,sec_0427,212,5.5-filters_discarding,Low
BUG-020,SOMATOM_Force_IFU_VB30,sec_0447,219,5.5-filters_discarding,Low
BUG-020,SOMATOM_Force_IFU_VB30,sec_0554,268,5.5-filters_discarding,Low
BUG-020,SOMATOM_Force_IFU_VB30,sec_0754,376,5.5-filters_discarding,Low
BUG-020,SOMATOM_Force_IFU_VB30,sec_0908,428,5.5-filters_discarding,Low
BUG-020,SOMATOM_Force_IFU_VB30,sec_0168,101,5.5-filters_discarding,Low
BUG-020,SOMATOM_Force_IFU_VB30,sec_0555,268,5.5-filters_discarding,Low
BUG-020,SOMATOM_Force_IFU_VB30,sec_0654,321,5.5-filters_discarding,Low
BUG-020,SOMATOM_Force_IFU_VB30,sec_0716,357,5.5-filters_discarding,Low
BUG-020,SOMATOM_Force_IFU_VB30,sec_0926,446,5.5-filters_discarding,Low
BUG-021,2002_Service_Manual_TI,sec_0251,642,5.6-table_content,Low
BUG-021,2002_Service_Manual_TI,sec_0146,300,5.6-table_content,Low
BUG-021,LOGIQ_e_R9_General_Service_Manual,sec_0058,419,5.6-table_content,Low
BUG-021,Philips-MP20-MP90-Manual,sec_0140,90,5.6-table_content,Low
BUG-021,Philips-MP20-MP90-Manual,sec_0512,275,5.6-table_content,Low
BUG-022,DOC-0136477A,sec_0029,42,5.4-page_start_end,Low
BUG-022,DOC-0136477A,sec_0098,90,5.4-page_start_end,Low
BUG-022,DOC-0136477A,sec_0111,102,5.4-page_start_end,Low
BUG-022,DOC-0136477A,sec_0137,118,5.4-page_start_end,Low
BUG-022,DOC-0136477A,sec_0209,171,5.4-page_start_end,Low
BUG-022,DOC-0136477A,sec_0231,190,5.4-page_start_end,Low
BUG-022,DOC-0136477A,sec_0243,200,5.4-page_start_end,Low
BUG-022,DOC-0136477A,sec_0179,146,5.4-page_start_end,Low
BUG-022,DOC-0136477A,sec_0240,198,5.4-page_start_end,Low
BUG-022,DOC-0136477A,sec_0242,200,5.4-page_start_end,Low
BUG-022,DOC-0136477A,sec_0243,202,5.4-page_start_end,Low
BUG-022,DOC-0136477A,sec_0252,214,5.4-page_start_end,Low
BUG-022,DOC-0136477A,sec_0269,221,5.4-page_start_end,Low
BUG-022,LOGIQ_S8,sec_0066,355,5.4-page_start_end,Low
BUG-022,LOGIQ_S8,sec_0092,598,5.4-page_start_end,Low
BUG-022,LOGIQ_S8,sec_0065,331,5.4-page_start_end,Low
BUG-022,LOGIQ_e_R9_General_Service_Manual,sec_0025,129,5.4-page_start_end,Low
BUG-022,LOGIQ_e_R9_General_Service_Manual,sec_0032,231,5.4-page_start_end,Low
BUG-022,LOGIQ_e_R9_General_Service_Manual,sec_0037,248,5.4-page_start_end,Low
BUG-022,LOGIQ_e_R9_General_Service_Manual,sec_0051,383,5.4-page_start_end,Low
BUG-022,Philips-MP20-MP90-Manual,sec_0706,369,5.4-page_start_end,Low
BUG-023,DOC-0136477A,sec_0176,144,5.4-page_start_end,Critical
BUG-023,LOGIQ_S8,sec_0036,189,5.4-page_start_end,Critical
BUG-023,Philips-MP20-MP90-Manual,sec_0047,42,5.4-page_start_end,Critical
BUG-023,Philips-MP20-MP90-Manual,sec_0047,42,5.4-gaps_duplicates,Critical
BUG-023,Philips-MP20-MP90-Manual,sec_0254,165,5.4-page_start_end,Critical
BUG-023,Philips-MP20-MP90-Manual,sec_0254,165,5.4-gaps_duplicates,Critical
BUG-023,Philips-MP20-MP90-Manual,sec_0515,277,5.4-gaps_duplicates,Medium
BUG-023,Philips-MP20-MP90-Manual,sec_0020,26,5.4-page_start_end,Critical
BUG-023,Philips-MP20-MP90-Manual,sec_0020,26,5.4-gaps_duplicates,Critical
BUG-023,Philips-MP20-MP90-Manual,sec_0681,359,5.4-page_start_end,Critical
BUG-023,Philips-MP20-MP90-Manual,sec_0681,359,5.4-gaps_duplicates,Critical
BUG-023,SOMATOM_Force_IFU_VB30,sec_0395,196,5.4-page_start_end,Critical
BUG-023,SOMATOM_Force_IFU_VB30,sec_0395,196,5.4-gaps_duplicates,Critical
BUG-023,SOMATOM_Force_IFU_VB30,sec_0214,125,5.4-page_start_end,Critical
BUG-023,SOMATOM_Force_IFU_VB30,sec_0214,125,5.4-gaps_duplicates,Critical
BUG-029,SOMATOM_Force_IFU_VB30,sec_0170,102,5.4-page_start_end,Critical
BUG-029,SOMATOM_Force_IFU_VB30,sec_0170,102,5.4-gaps_duplicates,Critical
BUG-029,SOMATOM_Force_IFU_VB30,sec_0184,109,5.4-page_start_end,Critical
BUG-029,SOMATOM_Force_IFU_VB30,sec_0303,167,5.4-page_start_end,Critical
BUG-029,SOMATOM_Force_IFU_VB30,sec_0303,167,5.4-gaps_duplicates,Critical
BUG-029,SOMATOM_Force_IFU_VB30,sec_0447,219,5.4-page_start_end,Critical
BUG-029,SOMATOM_Force_IFU_VB30,sec_0517,248,5.4-page_start_end,Critical
BUG-029,SOMATOM_Force_IFU_VB30,sec_0517,248,5.4-gaps_duplicates,Critical
BUG-029,SOMATOM_Force_IFU_VB30,sec_0590,282,5.4-page_start_end,Critical
BUG-029,SOMATOM_Force_IFU_VB30,sec_0590,282,5.4-gaps_duplicates,Critical
BUG-029,SOMATOM_Force_IFU_VB30,sec_0616,295,5.4-page_start_end,Critical
BUG-029,SOMATOM_Force_IFU_VB30,sec_0616,295,5.4-gaps_duplicates,Critical
BUG-029,SOMATOM_Force_IFU_VB30,sec_0624,302,5.4-page_start_end,Critical
BUG-029,SOMATOM_Force_IFU_VB30,sec_0624,302,5.4-gaps_duplicates,Critical
BUG-029,SOMATOM_Force_IFU_VB30,sec_0624,302,5.5-image_section_mapping,Medium
BUG-029,SOMATOM_Force_IFU_VB30,sec_0643,315,5.4-page_start_end,Critical
BUG-029,SOMATOM_Force_IFU_VB30,sec_0643,315,5.4-gaps_duplicates,Critical
BUG-029,SOMATOM_Force_IFU_VB30,sec_0643,315,5.5-image_section_mapping,Medium
BUG-029,SOMATOM_Force_IFU_VB30,sec_0655,322,5.4-page_start_end,Critical
BUG-029,SOMATOM_Force_IFU_VB30,sec_0655,322,5.4-gaps_duplicates,Critical
BUG-029,SOMATOM_Force_IFU_VB30,sec_0715,356,5.4-page_start_end,Critical
BUG-029,SOMATOM_Force_IFU_VB30,sec_0715,356,5.4-gaps_duplicates,Critical
BUG-029,SOMATOM_Force_IFU_VB30,sec_0723,362,5.4-page_start_end,Critical
BUG-029,SOMATOM_Force_IFU_VB30,sec_0723,362,5.4-gaps_duplicates,Critical
BUG-029,SOMATOM_Force_IFU_VB30,sec_0069,37,5.4-page_start_end,Critical
BUG-029,SOMATOM_Force_IFU_VB30,sec_0167,100,5.4-page_start_end,Critical
BUG-029,SOMATOM_Force_IFU_VB30,sec_0171,102,5.4-page_start_end,Critical
BUG-029,SOMATOM_Force_IFU_VB30,sec_0172,103,5.4-page_start_end,Critical
BUG-029,SOMATOM_Force_IFU_VB30,sec_0185,109,5.4-page_start_end,Critical
BUG-029,SOMATOM_Force_IFU_VB30,sec_0195,114,5.4-page_start_end,Critical
BUG-029,SOMATOM_Force_IFU_VB30,sec_0195,114,5.4-gaps_duplicates,Critical
BUG-029,SOMATOM_Force_IFU_VB30,sec_0234,134,5.4-page_start_end,Critical
BUG-029,SOMATOM_Force_IFU_VB30,sec_0234,134,5.4-gaps_duplicates,Critical
BUG-029,SOMATOM_Force_IFU_VB30,sec_0234,134,5.5-image_section_mapping,Medium
BUG-029,SOMATOM_Force_IFU_VB30,sec_0373,184,5.4-page_start_end,Critical
BUG-029,SOMATOM_Force_IFU_VB30,sec_0373,184,5.4-gaps_duplicates,Critical
BUG-029,SOMATOM_Force_IFU_VB30,sec_0540,258,5.4-page_start_end,Critical
BUG-029,SOMATOM_Force_IFU_VB30,sec_0617,295,5.4-page_start_end,Critical
BUG-029,SOMATOM_Force_IFU_VB30,sec_0617,295,5.4-gaps_duplicates,Critical
BUG-029,SOMATOM_Force_IFU_VB30,sec_0651,320,5.4-page_start_end,Critical
BUG-029,SOMATOM_Force_IFU_VB30,sec_0651,320,5.4-gaps_duplicates,Critical
BUG-029,SOMATOM_Force_IFU_VB30,sec_0654,321,5.4-page_start_end,Critical
BUG-029,SOMATOM_Force_IFU_VB30,sec_0654,321,5.4-gaps_duplicates,Critical
BUG-029,SOMATOM_Force_IFU_VB30,sec_0758,378,5.4-page_start_end,Critical
BUG-029,SOMATOM_Force_IFU_VB30,sec_0758,378,5.4-gaps_duplicates,Critical
BUG-029,SOMATOM_Force_IFU_VB30,sec_0785,387,5.4-page_start_end,Critical
BUG-029,SOMATOM_Force_IFU_VB30,sec_0785,387,5.4-gaps_duplicates,Critical
BUG-030,DOC-0136477A,sec_0217,177,5.6-table_content,Critical
BUG-031,2002_Service_Manual_TI,sec_0021,94,5.6-table_content,Low
BUG-031,LOGIQ_S8,sec_0003,43,5.6-table_content,Low
BUG-031,LOGIQ_S8,sec_0019,91,5.6-table_content,Low
BUG-031,LOGIQ_S8,sec_0036,189,5.6-table_content,Low
BUG-031,LOGIQ_S8,sec_0084,504,5.6-table_content,Low
BUG-031,LOGIQ_S8,sec_0085,538,5.6-table_content,Low
BUG-031,LOGIQ_S8,sec_0113,767,5.6-table_content,Low
BUG-031,Philips-MP20-MP90-Manual,sec_0682,359,5.6-table_content,Low
BUG-031,Philips-MP20-MP90-Manual,sec_0690,363,5.6-table_content,Low
BUG-031,Philips-MP20-MP90-Manual,sec_0829,457,5.6-table_content,Low
BUG-031,Philips-MP20-MP90-Manual,sec_0830,458,5.6-table_content,Low
BUG-032,2002_Service_Manual_TI,sec_0079,175,5.4-gaps_duplicates,Low
BUG-032,2002_Service_Manual_TI,sec_0145,290,5.4-gaps_duplicates,Low
TRIAGE-001,LOGIQ_S8,sec_0001,1,5.6-numbering_scheme,Medium
TRIAGE-002,SOMATOM_Force_IFU_VB30,sec_0005,11,5.4-gaps_duplicates,Low
TRIAGE-003,SOMATOM_Force_IFU_VB30,sec_0005,11,5.4-page_start_end,Low
