bug_id,title,severity,manuals_affected,sections_affected,suspected_module,escalate
BUG-001,Chapter/appendix-opening Contents-box misplacement,Low,DOC-0136477A,1 sections: DOC-0136477A:sec_0004,section_matcher.py (reading_order),No
BUG-003,Sibling image/table mismapping on shared pages,Medium,Philips-MP20-MP90-Manual; SOMATOM_Force_IFU_VB30,"2 sections: Philips-MP20-MP90-Manual:sec_0024, SOMATOM_Force_IFU_VB30:sec_0395",section_matcher.py / image-to-section mapping,No
BUG-007,"Native table extractor captures only the header row for symbol/glyph-marked grids, losing all data rows",Medium,AUTOMATIC_TRANSMISSION_MECHANISM_AND_FUNCTION_SECTION,"2 sections: AUTOMATIC_TRANSMISSION_MECHANISM_AND_FUNCTION_SECTION:sec_0017, AUTOMATIC_TRANSMISSION_MECHANISM_AND_FUNCTION_SECTION:sec_0018",docling table structure model (unconfirmed),No
BUG-008,"Table header cells merge/reorder during extraction, breaking column-to-value attribution",Critical,2002_Service_Manual_TI; AUTOMATIC_TRANSMISSION_MECHANISM_AND_FUNCTION_SECTION; DOC-0136477A; LOGIQ_S8; LOGIQ_e_R9_General_Service_Manual; Philips-MP20-MP90-Manual; SOMATOM_Force_IFU_VB30,"66 sections: 2002_Service_Manual_TI:sec_0002, 2002_Service_Manual_TI:sec_0004, 2002_Service_Manual_TI:sec_0005, 2002_Service_Manual_TI:sec_0006, 2002_Service_Manual_TI:sec_0011, 2002_Service_Manual_TI:sec_0018, 2002_Service_Manual_TI:sec_0052, 2002_Service_Manual_TI:sec_0084, 2002_Service_Manual_TI:sec_0089, 2002_Service_Manual_TI:sec_0122, 2002_Service_Manual_TI:sec_0232, AUTOMATIC_TRANSMISSION_MECHANISM_AND_FUNCTION_SECTION:sec_0015, AUTOMATIC_TRANSMISSION_MECHANISM_AND_FUNCTION_SECTION:sec_0016, DOC-0136477A:sec_0008, DOC-0136477A:sec_0015, DOC-0136477A:sec_0024, DOC-0136477A:sec_0068, DOC-0136477A:sec_0243, DOC-0136477A:sec_0245, DOC-0136477A:sec_0252, DOC-0136477A:sec_0261, DOC-0136477A:sec_0272, LOGIQ_S8:sec_0001, LOGIQ_S8:sec_0014, LOGIQ_S8:sec_0044, LOGIQ_S8:sec_0045, LOGIQ_S8:sec_0060, LOGIQ_S8:sec_0063, LOGIQ_S8:sec_0066, LOGIQ_S8:sec_0072, LOGIQ_S8:sec_0074, LOGIQ_S8:sec_0079, LOGIQ_S8:sec_0086, LOGIQ_S8:sec_0088, LOGIQ_S8:sec_0095, LOGIQ_S8:sec_0104, LOGIQ_S8:sec_0107, LOGIQ_S8:sec_0109, LOGIQ_S8:sec_0110, LOGIQ_S8:sec_0111, LOGIQ_S8:sec_0116, LOGIQ_S8:sec_0122, LOGIQ_S8:sec_0123, LOGIQ_S8:sec_0126, LOGIQ_S8:sec_0127, LOGIQ_S8:sec_0128, LOGIQ_S8:sec_0130, LOGIQ_S8:sec_0138, LOGIQ_e_R9_General_Service_Manual:sec_0003, LOGIQ_e_R9_General_Service_Manual:sec_0005, LOGIQ_e_R9_General_Service_Manual:sec_0063, LOGIQ_e_R9_General_Service_Manual:sec_0083, Philips-MP20-MP90-Manual:sec_0103, Philips-MP20-MP90-Manual:sec_0392, Philips-MP20-MP90-Manual:sec_0527, Philips-MP20-MP90-Manual:sec_0583, Philips-MP20-MP90-Manual:sec_0585, Philips-MP20-MP90-Manual:sec_0612, Philips-MP20-MP90-Manual:sec_0646, Philips-MP20-MP90-Manual:sec_0652, Philips-MP20-MP90-Manual:sec_0781, Philips-MP20-MP90-Manual:sec_0815, Philips-MP20-MP90-Manual:sec_0817, Philips-MP20-MP90-Manual:sec_0820, Philips-MP20-MP90-Manual:sec_0846, SOMATOM_Force_IFU_VB30:sec_0673",docling table structure model (unconfirmed),Yes
BUG-009,Table mistyped as paragraph/heading node instead of a table node (single instance),Low,LOGIQ_S8; LOGIQ_e_R9_General_Service_Manual,"3 sections: LOGIQ_S8:sec_0005, LOGIQ_S8:sec_0083, LOGIQ_e_R9_General_Service_Manual:sec_0078",docling table structure model (unconfirmed),No
BUG-010,Vector-drawn diagrams not captured as images — extractor only handles raster XObjects,Medium,2002_Service_Manual_TI; AUTOMATIC_TRANSMISSION_MECHANISM_AND_FUNCTION_SECTION; DOC-0136477A; LOGIQ_S8; LOGIQ_e_R9_General_Service_Manual; Philips-MP20-MP90-Manual,"39 sections: 2002_Service_Manual_TI:sec_0002, 2002_Service_Manual_TI:sec_0145, 2002_Service_Manual_TI:sec_0180, AUTOMATIC_TRANSMISSION_MECHANISM_AND_FUNCTION_SECTION:sec_0019, AUTOMATIC_TRANSMISSION_MECHANISM_AND_FUNCTION_SECTION:sec_0020, DOC-0136477A:sec_0024, DOC-0136477A:sec_0279, LOGIQ_S8:sec_0001, LOGIQ_S8:sec_0026, LOGIQ_S8:sec_0028, LOGIQ_S8:sec_0038, LOGIQ_S8:sec_0039, LOGIQ_S8:sec_0074, LOGIQ_S8:sec_0076, LOGIQ_S8:sec_0083, LOGIQ_S8:sec_0084, LOGIQ_S8:sec_0086, LOGIQ_S8:sec_0087, LOGIQ_S8:sec_0088, LOGIQ_S8:sec_0092, LOGIQ_S8:sec_0093, LOGIQ_S8:sec_0095, LOGIQ_S8:sec_0097, LOGIQ_S8:sec_0104, LOGIQ_S8:sec_0110, LOGIQ_S8:sec_0121, LOGIQ_S8:sec_0135, LOGIQ_e_R9_General_Service_Manual:sec_0020, LOGIQ_e_R9_General_Service_Manual:sec_0051, LOGIQ_e_R9_General_Service_Manual:sec_0074, LOGIQ_e_R9_General_Service_Manual:sec_0082, Philips-MP20-MP90-Manual:sec_0026, Philips-MP20-MP90-Manual:sec_0245, Philips-MP20-MP90-Manual:sec_0623, Philips-MP20-MP90-Manual:sec_0634, Philips-MP20-MP90-Manual:sec_0668, Philips-MP20-MP90-Manual:sec_0731, Philips-MP20-MP90-Manual:sec_0733, Philips-MP20-MP90-Manual:sec_0807",pipeline.py::_extract_embedded_images,No
BUG-011,Simple line-art/pictogram diagrams missing from image extraction — mechanism unconfirmed (possibly size-filtered),Critical,LOGIQ_S8,"4 sections: LOGIQ_S8:sec_0126, LOGIQ_S8:sec_0127, LOGIQ_S8:sec_0135, LOGIQ_S8:sec_0137",pipeline.py::_extract_embedded_images (unconfirmed),Yes
BUG-012,Sporadic single/partial image omissions from the image index — mechanism unconfirmed,Low,LOGIQ_e_R9_General_Service_Manual,"2 sections: LOGIQ_e_R9_General_Service_Manual:sec_0020, LOGIQ_e_R9_General_Service_Manual:sec_0056",pipeline.py::_extract_embedded_images (unconfirmed),No
BUG-013,Extracted image asset incorrectly rotated 180°,Medium,SOMATOM_Force_IFU_VB30,"2 sections: SOMATOM_Force_IFU_VB30:sec_0188, SOMATOM_Force_IFU_VB30:sec_0373",pipeline.py::_extract_embedded_images (unconfirmed),No
BUG-015,Step-illustration photos silently dropped on pages that also carry multiple table-embedded images,Low,LOGIQ_S8,1 sections: LOGIQ_S8:sec_0110,pipeline.py::_extract_embedded_images (unconfirmed),No
BUG-016,Near-duplicate/overlapping embedded image xrefs cause under-extraction on pages with several similar photos,Low,SOMATOM_Force_IFU_VB30,"3 sections: SOMATOM_Force_IFU_VB30:sec_0517, SOMATOM_Force_IFU_VB30:sec_0518, SOMATOM_Force_IFU_VB30:sec_0531",pipeline.py::_extract_embedded_images (unconfirmed),No
BUG-017,UI reference-icon screenshots discarded by an over-aggressive minimum-pixel-dimension image filter,Medium,DOC-0136477A; LOGIQ_S8; LOGIQ_e_R9_General_Service_Manual; Philips-MP20-MP90-Manual; SOMATOM_Force_IFU_VB30,"63 sections: DOC-0136477A:sec_0050, DOC-0136477A:sec_0054, DOC-0136477A:sec_0056, DOC-0136477A:sec_0065, DOC-0136477A:sec_0068, DOC-0136477A:sec_0082, DOC-0136477A:sec_0085, DOC-0136477A:sec_0090, DOC-0136477A:sec_0095, DOC-0136477A:sec_0098, DOC-0136477A:sec_0103, DOC-0136477A:sec_0106, DOC-0136477A:sec_0108, DOC-0136477A:sec_0109, DOC-0136477A:sec_0113, DOC-0136477A:sec_0121, DOC-0136477A:sec_0126, DOC-0136477A:sec_0128, DOC-0136477A:sec_0138, DOC-0136477A:sec_0142, DOC-0136477A:sec_0156, DOC-0136477A:sec_0158, DOC-0136477A:sec_0167, DOC-0136477A:sec_0175, DOC-0136477A:sec_0184, DOC-0136477A:sec_0203, DOC-0136477A:sec_0206, DOC-0136477A:sec_0209, DOC-0136477A:sec_0274, LOGIQ_S8:sec_0024, LOGIQ_S8:sec_0025, LOGIQ_S8:sec_0028, LOGIQ_S8:sec_0029, LOGIQ_S8:sec_0074, LOGIQ_e_R9_General_Service_Manual:sec_0048, Philips-MP20-MP90-Manual:sec_0036, Philips-MP20-MP90-Manual:sec_0037, Philips-MP20-MP90-Manual:sec_0065, Philips-MP20-MP90-Manual:sec_0564, Philips-MP20-MP90-Manual:sec_0599, SOMATOM_Force_IFU_VB30:sec_0001, SOMATOM_Force_IFU_VB30:sec_0303, SOMATOM_Force_IFU_VB30:sec_0355, SOMATOM_Force_IFU_VB30:sec_0604, SOMATOM_Force_IFU_VB30:sec_0616, SOMATOM_Force_IFU_VB30:sec_0617, SOMATOM_Force_IFU_VB30:sec_0624, SOMATOM_Force_IFU_VB30:sec_0625, SOMATOM_Force_IFU_VB30:sec_0636, SOMATOM_Force_IFU_VB30:sec_0656, SOMATOM_Force_IFU_VB30:sec_0673, SOMATOM_Force_IFU_VB30:sec_0710, SOMATOM_Force_IFU_VB30:sec_0753, SOMATOM_Force_IFU_VB30:sec_0758, SOMATOM_Force_IFU_VB30:sec_0759, SOMATOM_Force_IFU_VB30:sec_0807, SOMATOM_Force_IFU_VB30:sec_0831, SOMATOM_Force_IFU_VB30:sec_0835, SOMATOM_Force_IFU_VB30:sec_0914, SOMATOM_Force_IFU_VB30:sec_0916, SOMATOM_Force_IFU_VB30:sec_0918, SOMATOM_Force_IFU_VB30:sec_0938, SOMATOM_Force_IFU_VB30:sec_0939",pipeline.py::_extract_embedded_images (min_image_px),No
BUG-019,"Heading anchor accepts a contained or empty normalized heading: a short or glyph-only section_header (e.g. '!' or 'Trends') anchors the wrong section, shifting its content to the parent or a sibling",Critical,SOMATOM_Force_IFU_VB30,"2 sections: SOMATOM_Force_IFU_VB30:sec_0225, SOMATOM_Force_IFU_VB30:sec_0244",section_matcher.py::_find_heading_anchor (confirmed in code: `norm_title in norm_text or norm_text in norm_title`),Yes
BUG-020,"Minimum-area image filter (2% of the page) drops small but meaningful rasters: icons, symbols and small step photos",Low,LOGIQ_S8; LOGIQ_e_R9_General_Service_Manual; Philips-MP20-MP90-Manual; SOMATOM_Force_IFU_VB30,"40 sections: LOGIQ_S8:sec_0005, LOGIQ_S8:sec_0006, LOGIQ_S8:sec_0036, LOGIQ_S8:sec_0038, LOGIQ_S8:sec_0046, LOGIQ_S8:sec_0069, LOGIQ_S8:sec_0086, LOGIQ_e_R9_General_Service_Manual:sec_0005, LOGIQ_e_R9_General_Service_Manual:sec_0006, LOGIQ_e_R9_General_Service_Manual:sec_0007, LOGIQ_e_R9_General_Service_Manual:sec_0021, LOGIQ_e_R9_General_Service_Manual:sec_0028, LOGIQ_e_R9_General_Service_Manual:sec_0029, LOGIQ_e_R9_General_Service_Manual:sec_0032, LOGIQ_e_R9_General_Service_Manual:sec_0050, LOGIQ_e_R9_General_Service_Manual:sec_0059, LOGIQ_e_R9_General_Service_Manual:sec_0072, LOGIQ_e_R9_General_Service_Manual:sec_0077, LOGIQ_e_R9_General_Service_Manual:sec_0079, Philips-MP20-MP90-Manual:sec_0073, Philips-MP20-MP90-Manual:sec_0078, Philips-MP20-MP90-Manual:sec_0125, Philips-MP20-MP90-Manual:sec_0164, Philips-MP20-MP90-Manual:sec_0327, Philips-MP20-MP90-Manual:sec_0531, Philips-MP20-MP90-Manual:sec_0674, Philips-MP20-MP90-Manual:sec_0700, SOMATOM_Force_IFU_VB30:sec_0157, SOMATOM_Force_IFU_VB30:sec_0168, SOMATOM_Force_IFU_VB30:sec_0170, SOMATOM_Force_IFU_VB30:sec_0244, SOMATOM_Force_IFU_VB30:sec_0427, SOMATOM_Force_IFU_VB30:sec_0447, SOMATOM_Force_IFU_VB30:sec_0554, SOMATOM_Force_IFU_VB30:sec_0555, SOMATOM_Force_IFU_VB30:sec_0654, SOMATOM_Force_IFU_VB30:sec_0716, SOMATOM_Force_IFU_VB30:sec_0754, SOMATOM_Force_IFU_VB30:sec_0908, SOMATOM_Force_IFU_VB30:sec_0926","pipeline.py::_extract_embedded_images (_MIN_AREA_FRAC = 0.02, confirmed in code)",No
BUG-021,Empty '[Table 0x0]' placeholder or a running header misdetected as a table,Low,2002_Service_Manual_TI; LOGIQ_e_R9_General_Service_Manual; Philips-MP20-MP90-Manual,"5 sections: 2002_Service_Manual_TI:sec_0146, 2002_Service_Manual_TI:sec_0251, LOGIQ_e_R9_General_Service_Manual:sec_0058, Philips-MP20-MP90-Manual:sec_0140, Philips-MP20-MP90-Manual:sec_0512",docling table structure model (unconfirmed),No
BUG-022,"Boilerplate boundary noise: running headers, large chapter numbers and invisible print-job slugs of the next page are appended to the preceding section",Low,DOC-0136477A; LOGIQ_S8; LOGIQ_e_R9_General_Service_Manual; Philips-MP20-MP90-Manual,"20 sections: DOC-0136477A:sec_0029, DOC-0136477A:sec_0098, DOC-0136477A:sec_0111, DOC-0136477A:sec_0137, DOC-0136477A:sec_0179, DOC-0136477A:sec_0209, DOC-0136477A:sec_0231, DOC-0136477A:sec_0240, DOC-0136477A:sec_0242, DOC-0136477A:sec_0243, DOC-0136477A:sec_0252, DOC-0136477A:sec_0269, LOGIQ_S8:sec_0065, LOGIQ_S8:sec_0066, LOGIQ_S8:sec_0092, LOGIQ_e_R9_General_Service_Manual:sec_0025, LOGIQ_e_R9_General_Service_Manual:sec_0032, LOGIQ_e_R9_General_Service_Manual:sec_0037, LOGIQ_e_R9_General_Service_Manual:sec_0051, Philips-MP20-MP90-Manual:sec_0706",section_matcher.py (no header/footer or invisible-text filter; unconfirmed),No
BUG-023,Reading-order misattribution around a same-page heading transition: content printed before or after a heading on the same page is assigned to the neighbouring section,Critical,DOC-0136477A; LOGIQ_S8; Philips-MP20-MP90-Manual; SOMATOM_Force_IFU_VB30,"9 sections: DOC-0136477A:sec_0176, LOGIQ_S8:sec_0036, Philips-MP20-MP90-Manual:sec_0020, Philips-MP20-MP90-Manual:sec_0047, Philips-MP20-MP90-Manual:sec_0254, Philips-MP20-MP90-Manual:sec_0515, Philips-MP20-MP90-Manual:sec_0681, SOMATOM_Force_IFU_VB30:sec_0214, SOMATOM_Force_IFU_VB30:sec_0395",section_matcher.py (reading_order around same-page heading transitions; unconfirmed),Yes
BUG-029,"Margin (side) headings read before the body: content above or beside a left-margin heading goes to the wrong section, and on pages with several margin headings all the body goes to the last one",Critical,SOMATOM_Force_IFU_VB30,"26 sections: SOMATOM_Force_IFU_VB30:sec_0069, SOMATOM_Force_IFU_VB30:sec_0167, SOMATOM_Force_IFU_VB30:sec_0170, SOMATOM_Force_IFU_VB30:sec_0171, SOMATOM_Force_IFU_VB30:sec_0172, SOMATOM_Force_IFU_VB30:sec_0184, SOMATOM_Force_IFU_VB30:sec_0185, SOMATOM_Force_IFU_VB30:sec_0195, SOMATOM_Force_IFU_VB30:sec_0234, SOMATOM_Force_IFU_VB30:sec_0303, SOMATOM_Force_IFU_VB30:sec_0373, SOMATOM_Force_IFU_VB30:sec_0447, SOMATOM_Force_IFU_VB30:sec_0517, SOMATOM_Force_IFU_VB30:sec_0540, SOMATOM_Force_IFU_VB30:sec_0590, SOMATOM_Force_IFU_VB30:sec_0616, SOMATOM_Force_IFU_VB30:sec_0617, SOMATOM_Force_IFU_VB30:sec_0624, SOMATOM_Force_IFU_VB30:sec_0643, SOMATOM_Force_IFU_VB30:sec_0651, SOMATOM_Force_IFU_VB30:sec_0654, SOMATOM_Force_IFU_VB30:sec_0655, SOMATOM_Force_IFU_VB30:sec_0715, SOMATOM_Force_IFU_VB30:sec_0723, SOMATOM_Force_IFU_VB30:sec_0758, SOMATOM_Force_IFU_VB30:sec_0785",src/tree_builder/section_matcher.py (reading order of side-heading pages),Yes
BUG-030,Full-width footnote row of a table is lost: its text is in no table cell and in no text node,Critical,DOC-0136477A,1 sections: DOC-0136477A:sec_0217,src/tree_builder/docling_extract.py (table cells; text inside the table area is not kept as text),Yes
BUG-031,"Table cell text artefacts: leader dots, line-break hyphens, a lost plus-minus sign or a repeated legend letter; values and columns are kept",Low,2002_Service_Manual_TI; LOGIQ_S8; Philips-MP20-MP90-Manual,"11 sections: 2002_Service_Manual_TI:sec_0021, LOGIQ_S8:sec_0003, LOGIQ_S8:sec_0019, LOGIQ_S8:sec_0036, LOGIQ_S8:sec_0084, LOGIQ_S8:sec_0085, LOGIQ_S8:sec_0113, Philips-MP20-MP90-Manual:sec_0682, Philips-MP20-MP90-Manual:sec_0690, Philips-MP20-MP90-Manual:sec_0829, Philips-MP20-MP90-Manual:sec_0830",docling table cell text (unconfirmed),No
BUG-032,"Same content kept twice in one section: a legend read twice, or a table also kept as paragraphs",Low,2002_Service_Manual_TI,"2 sections: 2002_Service_Manual_TI:sec_0079, 2002_Service_Manual_TI:sec_0145",docling_extract / section_matcher (unconfirmed),No
TRIAGE-001,[needs manual root-cause review] 5.6-numbering_scheme FAILs in LOGIQ_S8,Medium,LOGIQ_S8,1 sections: LOGIQ_S8:sec_0001,,No
TRIAGE-002,[needs manual root-cause review] 5.4-gaps_duplicates FAILs in SOMATOM_Force_IFU_VB30,Low,SOMATOM_Force_IFU_VB30,1 sections: SOMATOM_Force_IFU_VB30:sec_0005,,No
TRIAGE-003,[needs manual root-cause review] 5.4-page_start_end FAILs in SOMATOM_Force_IFU_VB30,Low,SOMATOM_Force_IFU_VB30,1 sections: SOMATOM_Force_IFU_VB30:sec_0005,,No
