manual_id,section_id,page_sampled,checklist_ref,result,severity,evidence,notes
DOC-0136477A,sec_0004,17,5.4-hierarchy_level,PASS,,"Level 3, matches PDF nesting: Introduction(1) > 1.2 Indications For Use(2) > 1.2.1 ...(3).",
DOC-0136477A,sec_0004,17,5.4-parent_child,PASS,,"parent_section_id=sec_0003 (1.2 Indications For Use); sec_0003.child_sections includes sec_0004,0005,0006 matching 1.2.1/1.2.2/1.2.3 on p17-18.",
DOC-0136477A,sec_0004,17,5.4-page_start_end,FAIL,Critical,"p17: the chapter's 'Contents' index box (dot-leader entries 'Intended Purpose of this Manual...17' etc.) is visually positioned above '1.1 Intended Purpose', before any subsection starts - it belongs to the chapter root (sec_0001 Introduction), not to sec_0004 (1.2.1, level 3). Also two running header/footer text fragments ('HemoSphere Advanced Monitor', '1 Introduction' from p18) leaked into this section's semantic_nodes.","Root cause hypothesis: reading_order for the table block (semantic_order=15) placed it after sec_0004's own content (order 8-14) even though it's visually first on the page - section_matcher.py assigns by reading_order window, not visual position. Check docling reading-order output for this table region."
DOC-0136477A,sec_0004,17,5.4-hierarchy_path,PASS,,/Introduction/1.2 Indications For Use/1.2.1 HemoSphere Advanced Monitor with HemoSphere Swan-Ganz Module - matches PDF breadcrumb exactly.,
DOC-0136477A,sec_0004,17,5.4-gaps_duplicates,PASS,,Title appears exactly once in tree.json and once in the printed PDF index.,
DOC-0136477A,sec_0004,17,5.4-flagged_for_review,PASS,,"flagged_for_review=false; N/A, nothing to confirm.",
DOC-0136477A,sec_0004,17,5.4-structural_source,PASS,,"structural_source=toc (native bookmark), not inferred; N/A for extra scrutiny.",
DOC-0136477A,sec_0004,17,5.6-numbering_scheme,PASS,,"arabic, matches printed '1.2.1' numbering.",
DOC-0136477A,sec_0004,17,5.6-offset_applied,PASS,,offset_applied=0; declared page 17 = physical page 17 (footer shows '17').,
DOC-0136477A,sec_0004,17,5.6-table_content,PASS,,"Table canonical_text is fully rendered dot-leader text, not an empty '[Table RxC]' placeholder (rendering itself is correct - the placement is the defect, logged separately under 5.4-page_start_end).",
DOC-0136477A,sec_0004,17,5.5-filters_discarding,PASS,,No real diagrams/screenshots on this page to discard; text-only page aside from the noise image below.,
DOC-0136477A,sec_0004,17,5.5-filters_passing_noise,FAIL,Low,"One image extracted at p17: 2800x200px, aspect ratio 14:1 - almost certainly the decorative red divider rule above the page footer, not real content. Passed the >15:1 rejection filter by a narrow margin.","Suggest tightening the aspect-ratio threshold (EVALUATION_GUIDE.md SS5.5 filter #5, currently >15:1) or adding a footer-band exclusion check similar to the existing header/footer zone filters in pipeline.py::_extract_embedded_images."
DOC-0136477A,sec_0004,17,5.5-image_section_mapping,PASS,,"The noise image is mapped to sec_0004, the correct deepest section for p17 given current (flawed) content assignment - mapping logic itself is not at fault here.",
DOC-0136477A,sec_0015,27,5.4-hierarchy_level,PASS,,"Level 2, matches PDF: '1.7 Abbreviations Found in This Manual' is a direct 1.x subsection of chapter 1, same depth as '1.6 Manual style conventions'.",
DOC-0136477A,sec_0015,27,5.4-parent_child,PASS,,"parent_section_id=sec_0001 (Introduction); sec_0001.child_sections includes sec_0015 as the 7th and last 1.x entry, matching the chapter's own Contents list (7 entries) on p17.",
DOC-0136477A,sec_0015,27,5.4-page_start_end,FAIL,Critical,"p26-27 heading '1.7 Abbreviations Found in This Manual' and the table continuation on p27 are correctly placed, BUT the section's own first two tables (Table 1-10 Acronyms, Abbreviations: A/D...DPT column, and Ea_dyn...LED column), both visually under the '1.7' heading on p26, were instead assigned to sec_0014 ('1.6 Manual style conventions', p26) - confirmed by inspecting sec_0014.semantic_nodes, which has 3 table nodes instead of its own 1 (Table 1-9). sec_0015 is missing content that belongs to it.","Same root-cause pattern as sec_0004 (2nd occurrence in 2/2 sections inspected so far) - content near a heading transition on a shared page lands in the reading-order-preceding section instead of the one it's visually under. Root cause likely in section_matcher.py reading_order window boundaries, not a one-off. sec_0014 itself is NOT in this sample (not sampled directly) but shows the mirror defect - worth pulling into Task 2.3 as the same bug, not two separate ones."
DOC-0136477A,sec_0015,27,5.4-hierarchy_path,PASS,,/Introduction/1.7 Abbreviations Found in This Manual - matches PDF breadcrumb.,
DOC-0136477A,sec_0015,27,5.4-gaps_duplicates,PASS,,Title appears exactly once.,
DOC-0136477A,sec_0015,27,5.4-flagged_for_review,PASS,,flagged_for_review=false; N/A.,
DOC-0136477A,sec_0015,27,5.4-structural_source,PASS,,structural_source=toc; N/A.,
DOC-0136477A,sec_0015,27,5.6-numbering_scheme,PASS,,"arabic, matches '1.7'.",
DOC-0136477A,sec_0015,27,5.6-offset_applied,PASS,,offset_applied=0; declared pages 26/27 match physical footer page numbers.,
DOC-0136477A,sec_0015,27,5.6-table_content,PASS,,"The one table node present (continued-column content, p27) has fully rendered markdown text, not an empty placeholder - the rendering itself is correct, the missing tables are a placement defect logged under 5.4-page_start_end.",
DOC-0136477A,sec_0015,27,5.5-filters_discarding,PASS,,"No real diagrams on p26-27 to discard, text/table-only pages.",
DOC-0136477A,sec_0015,27,5.5-filters_passing_noise,FAIL,Low,"Image at p27: 2800x200px, same 14:1 aspect ratio as the sec_0004 finding - the decorative footer divider line again passing the >15:1 rejection filter. 2nd occurrence (also present at p26, mapped to sec_0014) - systemic, not isolated to this section.",Same fix recommendation as sec_0004: tighten the aspect-ratio threshold or add a footer-band exclusion in pipeline.py::_extract_embedded_images.
DOC-0136477A,sec_0015,27,5.5-image_section_mapping,PASS,,"sec_0015 has no children (child_sections=[]), so it is correctly the deepest section for p27 - mapping logic itself is not at fault.",
DOC-0136477A,sec_0018,28,5.4-hierarchy_level,PASS,,"Level 3, matches PDF: Safety and Symbols(1) > 2.1 Safety Signal Words Definitions(2) > 2.1.1 Warning(3).",
DOC-0136477A,sec_0018,28,5.4-parent_child,PASS,,"parent_section_id=sec_0017 (2.1 Safety Signal Words Definitions); its child_sections=[sec_0018,19,20] match 2.1.1 Warning/2.1.2 Caution/2.1.3 Note visible on p28.",
DOC-0136477A,sec_0018,28,5.4-page_start_end,FAIL,Critical,"p28 is the opening page of Chapter 2 ('Safety and Symbols'). The chapter's 'Contents' index table (Safety Signal Words Definitions...28, Warnings...29, etc.), visually positioned above '2.1 Safety Signal Words Definitions' - before any subsection starts - was assigned to sec_0018 (2.1.1 Warning, level 3) instead of the chapter root (sec_0016, Safety and Symbols).","3rd occurrence of the identical pattern seen in sec_0004 (p17, same chapter-opening Contents-box misplacement) and sec_0015/sec_0014 (p26-27, abbreviations tables). Same root cause: reading_order for a table block placed after the first subsection's own content despite being visually first on the page. This is now confirmed systemic across chapter openings, not a one-off - section_matcher.py reading_order handling."
DOC-0136477A,sec_0018,28,5.4-hierarchy_path,PASS,,/Safety and Symbols/2.1 Safety Signal Words Definitions/2.1.1 Warning - matches PDF breadcrumb.,
DOC-0136477A,sec_0018,28,5.4-gaps_duplicates,PASS,,Title appears exactly once.,
DOC-0136477A,sec_0018,28,5.4-flagged_for_review,PASS,,flagged_for_review=false; N/A.,
DOC-0136477A,sec_0018,28,5.4-structural_source,PASS,,structural_source=toc; N/A.,
DOC-0136477A,sec_0018,28,5.6-numbering_scheme,PASS,,"arabic, matches '2.1.1'.",
DOC-0136477A,sec_0018,28,5.6-offset_applied,PASS,,offset_applied=0; declared page 28 matches physical footer page number.,
DOC-0136477A,sec_0018,28,5.6-table_content,PASS,,"Table canonical_text is fully rendered (chapter 2 Contents list), not an empty placeholder - rendering correct, placement issue logged under 5.4-page_start_end.",
DOC-0136477A,sec_0018,28,5.5-filters_discarding,PASS,,No real diagrams on this page to discard.,
DOC-0136477A,sec_0018,28,5.5-filters_passing_noise,FAIL,Low,"Image at p28: 2800x200px, same 14:1 aspect-ratio decorative footer divider as sec_0004/sec_0015. 3rd occurrence - confirms this is a per-page recurring pattern, not isolated.",Same fix recommendation as prior occurrences: tighten aspect-ratio threshold or add footer-band exclusion in pipeline.py::_extract_embedded_images.
DOC-0136477A,sec_0018,28,5.5-image_section_mapping,PASS,,"sec_0018 has no children and page_start=page_end=28, correctly the deepest section for this page.",
DOC-0136477A,sec_0025,41,5.4-hierarchy_level,PASS,,"Level 2, matches PDF: direct 2.x subsection of chapter 2 (Safety and Symbols).",
DOC-0136477A,sec_0025,41,5.4-parent_child,PASS,,"parent_section_id=sec_0016; its child_sections=[17,21,22,23,24,25,26] match 2.1-2.7 exactly, same 7 entries as the chapter's own Contents box on p28.",
DOC-0136477A,sec_0025,41,5.4-page_start_end,PASS,,"p41 - NOT a chapter-opening page, no Contents-box risk. Table 2-3 (5 rows: IEC 60601-1:2005/A1:2012 ... IEEE 802.11 b/g/n) matches the PDF exactly. Good contrast case: sec_0025 and sec_0026 (2.7) fully share p41 and BOTH got their own distinct content correctly - confirms the reading_order-based shared-page disambiguation (EVALUATION_GUIDE.md SS4.2) works as designed here.",
DOC-0136477A,sec_0025,41,5.4-hierarchy_path,PASS,,/Safety and Symbols/2.6 Applicable Standards - matches PDF breadcrumb.,
DOC-0136477A,sec_0025,41,5.4-gaps_duplicates,PASS,,Title appears exactly once.,
DOC-0136477A,sec_0025,41,5.4-flagged_for_review,PASS,,flagged_for_review=false; N/A.,
DOC-0136477A,sec_0025,41,5.4-structural_source,PASS,,structural_source=toc; N/A.,
DOC-0136477A,sec_0025,41,5.6-numbering_scheme,PASS,,"arabic, matches '2.6'.",
DOC-0136477A,sec_0025,41,5.6-offset_applied,PASS,,offset_applied=0; declared page 41 matches physical footer page number.,
DOC-0136477A,sec_0025,41,5.6-table_content,PASS,,"Table 2-3 canonical_text exactly matches the 5-row PDF table content, correctly rendered.",
DOC-0136477A,sec_0025,41,5.5-filters_discarding,PASS,,No real diagrams on this page to discard.,
DOC-0136477A,sec_0025,41,5.5-filters_passing_noise,FAIL,Low,"Image at p41: 2800x200px, same 14:1 aspect ratio divider line as prior 3 occurrences. 4th occurrence of the same systemic filter near-miss.",Same fix recommendation as prior occurrences.
DOC-0136477A,sec_0025,41,5.5-image_section_mapping,PASS,,"Mapped to sec_0025, not sec_0026 - both fully share p41, so this is an inherent ambiguity of page-based image mapping when siblings share a page (documented design limitation, EVALUATION_GUIDE.md SS4.2 - images/tables use page_no, not reading_order). Low-stakes here since the image is filter noise, not real content.",
DOC-0136477A,sec_0029,42,5.4-hierarchy_level,PASS,,"Level 3, matches PDF: Installation and Setup(1) > 3.1 Unpacking(2) > 3.1.1 Packaging Contents(3).",
DOC-0136477A,sec_0029,42,5.4-parent_child,PASS,,"parent_section_id=sec_0028 (3.1 Unpacking); its child_sections=[sec_0029, sec_0030] consistent with 3.1.1/3.1.2 pattern.",
DOC-0136477A,sec_0029,42,5.4-page_start_end,FAIL,Critical,"p42 is the opening page of Chapter 3 ('Installation and Setup'). The chapter's Contents index table (Unpacking...42, HemoSphere Advanced Monitor Connection Ports...44, etc.), visually positioned above '3.1 Unpacking' before any subsection starts, was assigned to sec_0029 (3.1.1 Packaging Contents, level 3) instead of the chapter root. Also two running header/footer fragments from p43 leaked in.","4th occurrence of the identical chapter-opening pattern (sec_0004/p17, sec_0015+sec_0014/p26-27, sec_0018/p28, now sec_0029/p42) - confirmed systemic across every chapter opening touched by the sample so far, not a one-off. Same root cause: section_matcher.py reading_order places the Contents table after the first subsection's own content despite being visually first."
DOC-0136477A,sec_0029,42,5.4-hierarchy_path,PASS,,/Installation and Setup/3.1 Unpacking/3.1.1 Packaging Contents - matches PDF breadcrumb.,
DOC-0136477A,sec_0029,42,5.4-gaps_duplicates,PASS,,Title appears exactly once.,
DOC-0136477A,sec_0029,42,5.4-flagged_for_review,PASS,,flagged_for_review=false; N/A.,
DOC-0136477A,sec_0029,42,5.4-structural_source,PASS,,structural_source=toc; N/A.,
DOC-0136477A,sec_0029,42,5.6-numbering_scheme,PASS,,"arabic, matches '3.1.1'.",
DOC-0136477A,sec_0029,42,5.6-offset_applied,PASS,,offset_applied=0; declared page 42 matches physical footer page number.,
DOC-0136477A,sec_0029,42,5.6-table_content,PASS,,"The one table node present (the misplaced Contents box) has fully rendered dot-leader text, not an empty placeholder - rendering itself correct, placement issue logged under 5.4-page_start_end. Note: the visually-boxed 'Table 3-1' on this page was parsed by Docling as heading+paragraph nodes, not a table node - a Docling classification choice, not a pdf-tree defect.",
DOC-0136477A,sec_0029,42,5.5-filters_discarding,PASS,,No real diagrams on this page to discard.,
DOC-0136477A,sec_0029,42,5.5-filters_passing_noise,FAIL,Low,"Image at p42: 2800x200px, same 14:1 aspect-ratio decorative footer divider as all prior sampled sections. 5th occurrence overall (4th of 5 sections inspected so far, 100% hit rate).",Same fix recommendation as prior occurrences.
DOC-0136477A,sec_0029,42,5.5-image_section_mapping,PASS,,"sec_0029 has no children and page_start=page_end=42, correctly the deepest section for this page.",
DOC-0136477A,sec_0046,52,5.4-hierarchy_level,PASS,,"Level 3, matches '3.4.2' under '3.4 Initial Start Up'(L2) under Installation and Setup(L1).",
DOC-0136477A,sec_0046,52,5.4-parent_child,PASS,,parent_section_id=sec_0044 (3.4 Initial Start Up); numbering consistent with sibling sec_0045 (3.4.1 Start Up Procedure).,
DOC-0136477A,sec_0046,52,5.4-page_start_end,PASS,,"p51-52: heading + own paragraphs on p51, NOTE + Figure 3-7 mention on p52 - clean boundary. Figure 3-6 (belongs to sibling 3.4.1) correctly NOT included in this section's nodes, despite being on the same p51 - good shared-page separation.",
DOC-0136477A,sec_0046,52,5.4-hierarchy_path,PASS,,/Installation and Setup/3.4 Initial Start Up/3.4.2 Select Language - matches.,
DOC-0136477A,sec_0046,52,5.4-gaps_duplicates,PASS,,Appears once.,
DOC-0136477A,sec_0046,52,5.4-flagged_for_review,PASS,,false; N/A.,
DOC-0136477A,sec_0046,52,5.4-structural_source,PASS,,toc; N/A.,
DOC-0136477A,sec_0046,52,5.6-numbering_scheme,PASS,,"arabic, matches '3.4.2'.",
DOC-0136477A,sec_0046,52,5.6-offset_applied,PASS,,0; matches physical footer pages 51/52.,
DOC-0136477A,sec_0046,52,5.5-filters_discarding,PASS,,"Figure 3-7 (Language selection screen, real screenshot, 628x470px) correctly extracted and kept - not discarded.",
DOC-0136477A,sec_0046,52,5.5-filters_passing_noise,FAIL,Low,2800x200 divider image again present at p52. 6th occurrence.,Same recommendation as prior occurrences.
DOC-0136477A,sec_0046,52,5.5-image_section_mapping,PASS,,"Both images (divider + Figure 3-7) correctly mapped to sec_0046, the deepest/only section for p52.",
DOC-0136477A,sec_0047,53,5.4-hierarchy_level,PASS,,Level 1 - correctly a chapter root (parent_section_id=None).,
DOC-0136477A,sec_0047,53,5.4-parent_child,PASS,,"children=[sec_0048,sec_0052,sec_0055], exactly 3 entries matching this chapter's own Contents box (HemoSphere Swan-Ganz Module Cardiac Output Monitoring/Monitoring with the HemoSphere Pressure Cable/HemoSphere Oximetry Cable Monitoring).",
DOC-0136477A,sec_0047,53,5.4-page_start_end,PASS,,"p53: chapter's own Contents table CORRECTLY stays with the chapter root this time (contrast with sec_0004/0015/0018/0029). Root cause confirmed: first child sec_0048 starts at p54, NOT p53 - no same-page reading_order competition, so nothing steals the table. This is strong positive evidence for the root-cause hypothesis logged on the earlier FAILs: the bug only triggers when the first subsection starts on the SAME physical page as the chapter opening.",Useful control case for the bug report - cite alongside sec_0004/0015/0018/0029 to show the mechanism precisely.
DOC-0136477A,sec_0047,53,5.4-hierarchy_path,PASS,,/HemoSphere Advanced Monitor Quick Start - correct root path.,
DOC-0136477A,sec_0047,53,5.4-gaps_duplicates,PASS,,Appears once.,
DOC-0136477A,sec_0047,53,5.4-flagged_for_review,PASS,,false; N/A.,
DOC-0136477A,sec_0047,53,5.4-structural_source,PASS,,toc; N/A.,
DOC-0136477A,sec_0047,53,5.6-numbering_scheme,PASS,,arabic; consistent with other chapter roots (e.g. sec_0001).,
DOC-0136477A,sec_0047,53,5.6-offset_applied,PASS,,0; matches physical footer page 53.,
DOC-0136477A,sec_0047,53,5.6-table_content,PASS,,"Contents table canonical_text fully rendered, matches the 3-entry PDF Contents box exactly.",
DOC-0136477A,sec_0047,53,5.5-filters_discarding,PASS,,No real diagrams on this page besides the NOTE box.,
DOC-0136477A,sec_0047,53,5.5-filters_passing_noise,FAIL,Low,2800x200 divider image again present at p53. 7th occurrence.,Same recommendation as prior occurrences.
DOC-0136477A,sec_0047,53,5.5-image_section_mapping,PASS,,"Correctly mapped to sec_0047, the deepest section covering p53 (first child starts p54).",
DOC-0136477A,sec_0059,62,5.4-hierarchy_level,PASS,,"Level 2, matches '5.1' as direct child of chapter 5 (Navigating the HemoSphere Advanced Monitor, L1).",
DOC-0136477A,sec_0059,62,5.4-parent_child,PASS,,"parent_section_id=sec_0058; sec_0058's children include sec_0059 as first entry, matching chapter's own Contents (7 entries).",
DOC-0136477A,sec_0059,62,5.4-page_start_end,FAIL,Critical,"p62 is the opening page of Chapter 5. The chapter's Contents table (HemoSphere Advanced Monitor Screen Appearance...62, Navigation Bar...64, Monitor Views...66, etc.) was assigned to sec_0059 (5.1, level 2) instead of the chapter root sec_0058 - '5.1 HemoSphere Advanced Monitor Screen Appearance' heading starts on the SAME page 62 as the chapter opening.",6th occurrence of the identical chapter-opening pattern. Confirms the root-cause rule established via the sec_0047 control case: triggers specifically when the first subsection's heading is on the same physical page as the chapter's own Contents box.
DOC-0136477A,sec_0059,62,5.4-hierarchy_path,PASS,,/Navigating the HemoSphere Advanced Monitor/5.1 HemoSphere Advanced Monitor Screen Appearance - matches.,
DOC-0136477A,sec_0059,62,5.4-gaps_duplicates,PASS,,Appears once.,
DOC-0136477A,sec_0059,62,5.4-flagged_for_review,PASS,,false; N/A.,
DOC-0136477A,sec_0059,62,5.4-structural_source,PASS,,toc; N/A.,
DOC-0136477A,sec_0059,62,5.6-numbering_scheme,PASS,,"arabic, matches '5.1'.",
DOC-0136477A,sec_0059,62,5.6-offset_applied,PASS,,0; matches physical footer pages 62/63.,
DOC-0136477A,sec_0059,62,5.6-table_content,PASS,,"Table canonical_text fully rendered (chapter 5 Contents list) - rendering correct, placement issue logged under 5.4-page_start_end.",
DOC-0136477A,sec_0059,62,5.5-filters_discarding,PASS,,"Figure 5-1 (HemoSphere advanced monitor screen features, real colorful UI screenshot, 900x700px) correctly extracted and kept - not discarded.",
DOC-0136477A,sec_0059,62,5.5-filters_passing_noise,FAIL,Low,2800x200 divider present on both p62 and p63. 8th/9th occurrence (two instances this section).,Same recommendation as prior occurrences.
DOC-0136477A,sec_0059,62,5.5-image_section_mapping,PASS,,"Both the divider images and Figure 5-1 correctly mapped to sec_0059, the deepest section for p62-63 (no children).",
DOC-0136477A,sec_0066,69,5.4-hierarchy_level,PASS,,"Level 3, matches '5.3.2' under '5.3 Monitor Views'(L2) under chapter 5(L1).",
DOC-0136477A,sec_0066,69,5.4-parent_child,PASS,,"parent_section_id=sec_0061 (5.3 Monitor Views); children=[sec_0067,sec_0068,sec_0069] correctly = 5.3.2.1/5.3.2.2/5.3.2.3.",
DOC-0136477A,sec_0066,69,5.4-page_start_end,PASS,,"p69: heading, both paragraphs, both NOTE boxes, Figure 5-6 caption all match exactly. page_end=71 correctly reflects that children sec_0067/0068 (level 4) own pages 70-71, not a boundary error.",
DOC-0136477A,sec_0066,69,5.4-hierarchy_path,PASS,,/Navigating the HemoSphere Advanced Monitor/5.3 Monitor Views/5.3.2 Graphical Trend Monitoring View - matches.,
DOC-0136477A,sec_0066,69,5.4-gaps_duplicates,PASS,,Appears once.,
DOC-0136477A,sec_0066,69,5.4-flagged_for_review,PASS,,false; N/A.,
DOC-0136477A,sec_0066,69,5.4-structural_source,PASS,,toc; N/A.,
DOC-0136477A,sec_0066,69,5.6-numbering_scheme,PASS,,"arabic, matches '5.3.2'.",
DOC-0136477A,sec_0066,69,5.6-offset_applied,PASS,,0; matches physical footer page 69.,
DOC-0136477A,sec_0066,69,5.5-filters_discarding,PASS,,"Figure 5-6 (Graphical trend screen, real screenshot, 692x528px) correctly kept.",
DOC-0136477A,sec_0066,69,5.5-filters_passing_noise,FAIL,Low,2800x200 divider present at p69. Continuing pattern.,Same recommendation as prior occurrences.
DOC-0136477A,sec_0066,69,5.5-image_section_mapping,PASS,,"Figure 5-6 and divider both correctly mapped to sec_0066, the only section directly owning p69.",
DOC-0136477A,sec_0076,76,5.4-hierarchy_level,PASS,,"Level 4, matches '5.3.6.2' under '5.3.6 Physiology Screen'(L3, sec_0074).",
DOC-0136477A,sec_0076,76,5.4-parent_child,PASS,,parent_section_id=sec_0074 (5.3.6 Physiology Screen).,
DOC-0136477A,sec_0076,76,5.4-page_start_end,PASS,,"p76: own heading + 2 paragraphs match exactly. Correctly excludes the sibling content ('5.3.7 Cockpit Screen', '5.3.8 Physio Relationship') that also starts on the same page.",
DOC-0136477A,sec_0076,76,5.4-hierarchy_path,PASS,,/Navigating.../5.3 Monitor Views/5.3.6 Physiology Screen/5.3.6.2 Historic Physiology Screen - matches.,
DOC-0136477A,sec_0076,76,5.4-gaps_duplicates,PASS,,Appears once.,
DOC-0136477A,sec_0076,76,5.4-flagged_for_review,PASS,,false; N/A.,
DOC-0136477A,sec_0076,76,5.4-structural_source,PASS,,toc; N/A.,
DOC-0136477A,sec_0076,76,5.6-numbering_scheme,PASS,,"arabic, matches '5.3.6.2'.",
DOC-0136477A,sec_0076,76,5.6-offset_applied,PASS,,0; matches physical footer page 76.,
DOC-0136477A,sec_0076,76,5.5-filters_discarding,PASS,,"Figure 5-13 was extracted (not discarded), just mapped to the wrong section - see 5.5-image_section_mapping.",
DOC-0136477A,sec_0076,76,5.5-filters_passing_noise,FAIL,Low,2800x200 divider present at p76. Continuing pattern.,Same recommendation as prior occurrences.
DOC-0136477A,sec_0076,76,5.5-image_section_mapping,FAIL,Medium,"'Figure 5-13 Cockpit monitoring screen' (691x529px) is visually captioned under '5.3.7 Cockpit Screen' (sec_0077, a SIBLING sharing p76), but is mapped to sec_0076 (5.3.6.2 Historic Physiology Screen) instead - sec_0076 has no figure of its own in its text. sec_0077 has zero images mapped to it despite owning this figure.","New defect type, distinct from the chapter-opening Contents-table bug. Matches EVALUATION_GUIDE.md SS5.5's own documented risk ('images on pages shared by sibling sections') and the Medium-severity rubric example verbatim ('Image assigned to the wrong sibling section on a shared page'). Root cause likely in pipeline.py::_map_images_to_sections page-based mapping picking the wrong sibling when multiple sections share a page - worth checking against section_matcher.py's reading_order for a fix, similar to how text blocks are disambiguated."
DOC-0136477A,sec_0085,82,5.4-hierarchy_level,PASS,,"Level 3, matches '5.4.2' under '5.4 Clinical Actions'(L2, sec_0083).",
DOC-0136477A,sec_0085,82,5.4-parent_child,PASS,,parent_section_id=sec_0083 (5.4 Clinical Actions).,
DOC-0136477A,sec_0085,82,5.4-page_start_end,PASS,,"p82: heading, intro paragraph, numbered steps 1-4, NOTE box all match exactly. Correctly excludes sibling sections '5.4.3 CVP Entry' and '5.4.4 Derived Value Calculator' also on this page. Small inline button icons within sentences correctly NOT extracted as separate content blocks.",
DOC-0136477A,sec_0085,82,5.4-hierarchy_path,PASS,,/Navigating.../5.4 Clinical Actions/5.4.2 Historical Graphical Trends - matches.,
DOC-0136477A,sec_0085,82,5.4-gaps_duplicates,PASS,,Appears once.,
DOC-0136477A,sec_0085,82,5.4-flagged_for_review,PASS,,false; N/A.,
DOC-0136477A,sec_0085,82,5.4-structural_source,PASS,,toc; N/A.,
DOC-0136477A,sec_0085,82,5.6-numbering_scheme,PASS,,"arabic, matches '5.4.2'.",
DOC-0136477A,sec_0085,82,5.6-offset_applied,PASS,,0; matches physical footer page 82.,
DOC-0136477A,sec_0085,82,5.5-filters_discarding,PASS,,"No standalone diagrams on this page to discard - only small inline UI icons within sentences, correctly treated as decorative.",
DOC-0136477A,sec_0085,82,5.5-filters_passing_noise,FAIL,Low,2800x200 divider present at p82. Continuing pattern.,Same recommendation as prior occurrences.
DOC-0136477A,sec_0085,82,5.5-image_section_mapping,PASS,,"Only the divider image exists for this page, correctly mapped to sec_0085.",
DOC-0136477A,sec_0095,89,5.4-hierarchy_level,PASS,,"Level 3, matches '5.7.2' under '5.7 Monitor Screen Navigation'(L2, sec_0093).",
DOC-0136477A,sec_0095,89,5.4-parent_child,PASS,,parent_section_id=sec_0093 (5.7 Monitor Screen Navigation).,
DOC-0136477A,sec_0095,89,5.4-page_start_end,PASS,,"p88-89: all content (Home/Return/Enter/Cancel/List/Value/Toggle button descriptions, Keypad, Keyboard) matches exactly and stays within this single section across both pages.",
DOC-0136477A,sec_0095,89,5.4-hierarchy_path,PASS,,/Navigating.../5.7 Monitor Screen Navigation/5.7.2 Navigation Icons - matches.,
DOC-0136477A,sec_0095,89,5.4-gaps_duplicates,PASS,,Appears once.,
DOC-0136477A,sec_0095,89,5.4-flagged_for_review,PASS,,false; N/A.,
DOC-0136477A,sec_0095,89,5.4-structural_source,PASS,,toc; N/A.,
DOC-0136477A,sec_0095,89,5.6-numbering_scheme,PASS,,"arabic, matches '5.7.2'.",
DOC-0136477A,sec_0095,89,5.6-offset_applied,PASS,,0; matches physical footer pages 88/89.,
DOC-0136477A,sec_0095,89,5.5-filters_discarding,PASS,,"Keypad (490x677px, p88) and Keyboard (511x335px, p89) diagrams correctly kept. The 4 small circular nav icons (Home/Return/Enter/Cancel) and the small List/Value/Toggle button graphics were NOT extracted as separate images - likely filtered by the minimum-dimension floor as repeating decorative UI chrome, consistent with the filter's documented intent (SS5.5 filter #1).","Judgment call, not logged as FAIL: these small icons recur throughout the whole manual and are analogous to the icon/logo exclusion the filters are designed for. Worth a note to Engineering only if support later finds citations need that level of icon detail."
DOC-0136477A,sec_0095,89,5.5-filters_passing_noise,FAIL,Low,2800x200 divider present on both p88 and p89. Continuing pattern.,Same recommendation as prior occurrences.
DOC-0136477A,sec_0095,89,5.5-image_section_mapping,PASS,,"Keypad, Keyboard, and both dividers all correctly mapped to sec_0095, the only section owning p88-89.",
DOC-0136477A,sec_0098,90,5.4-hierarchy_level,PASS,,"Level 3, matches '6.1.1' under '6.1 Patient Data'(L2) under chapter 6(L1).",
DOC-0136477A,sec_0098,90,5.4-parent_child,PASS,,parent_section_id=sec_0097 (6.1 Patient Data).,
DOC-0136477A,sec_0098,90,5.4-page_start_end,FAIL,Critical,"p90 is the opening page of Chapter 6 ('User Interface Settings'). Contents table (Patient Data...90, Monitor Settings...93) assigned to sec_0098 (6.1.1, level 3, 2 levels deep) instead of the chapter root sec_0096.","7th occurrence of the chapter-opening pattern. First child sec_0097 shares p90 with the chapter root, matching the established root-cause rule."
DOC-0136477A,sec_0098,90,5.4-hierarchy_path,PASS,,/User Interface Settings/6.1 Patient Data/6.1.1 New Patient - matches.,
DOC-0136477A,sec_0098,90,5.4-gaps_duplicates,PASS,,Appears once.,
DOC-0136477A,sec_0098,90,5.4-flagged_for_review,PASS,,false; N/A.,
DOC-0136477A,sec_0098,90,5.4-structural_source,PASS,,toc; N/A.,
DOC-0136477A,sec_0098,90,5.6-numbering_scheme,PASS,,"arabic, matches '6.1.1'.",
DOC-0136477A,sec_0098,90,5.6-offset_applied,PASS,,0; matches physical footer pages 90/91.,
DOC-0136477A,sec_0098,90,5.6-table_content,PASS,,"Contents table canonical_text fully rendered - rendering correct, placement issue logged under 5.4-page_start_end.",
DOC-0136477A,sec_0098,90,5.5-filters_discarding,PASS,,"Figure 6-1 (p90) and Figure 6-2 (p91) both real screenshots, both correctly kept, not discarded.",
DOC-0136477A,sec_0098,90,5.5-filters_passing_noise,FAIL,Low,2800x200 divider present on both p90 and p91.,Same recommendation as prior occurrences.
DOC-0136477A,sec_0098,90,5.5-image_section_mapping,FAIL,Medium,"Figure 6-1 (800x599px, p90) is visually part of '6.1 Patient Data' (sec_0097's own intro, before '6.1.1' starts - confirmed sec_0097's own text nodes include the 'Figure 6-1...' caption), but the image itself is mapped to sec_0098 instead of sec_0097. Figure 6-2 (639x530px, p91) IS correctly mapped to sec_0098 (genuinely part of 6.1.1's own numbered steps).","2nd occurrence of the sibling-image-mismapping pattern (1st was sec_0076/sec_0077, Figure 5-13). Same suspected root cause in pipeline.py::_map_images_to_sections."
DOC-0136477A,sec_0109,101,5.4-hierarchy_level,PASS,,"Level 4, matches '6.2.5.1' under '6.2.5 Analog Pressure Signal Input'(L3, sec_0108).",
DOC-0136477A,sec_0109,101,5.4-parent_child,PASS,,parent_section_id=sec_0108 (6.2.5 Analog Pressure Signal Input).,
DOC-0136477A,sec_0109,101,5.4-page_start_end,PASS,,"p100-101: heading, intro, NOTE/CAUTION boxes, 11 numbered steps, and the continuation CAUTION box on p101 all belong coherently to this section - no next section starts on p101, clean single-topic page.",
DOC-0136477A,sec_0109,101,5.4-hierarchy_path,PASS,,/User Interface Settings/6.2 Monitor Settings/6.2.5 Analog Pressure Signal Input/6.2.5.1 Calibration - matches.,
DOC-0136477A,sec_0109,101,5.4-gaps_duplicates,PASS,,Appears once.,
DOC-0136477A,sec_0109,101,5.4-flagged_for_review,PASS,,false; N/A.,
DOC-0136477A,sec_0109,101,5.4-structural_source,PASS,,toc; N/A.,
DOC-0136477A,sec_0109,101,5.6-numbering_scheme,PASS,,"arabic, matches '6.2.5.1'.",
DOC-0136477A,sec_0109,101,5.6-offset_applied,PASS,,0; matches physical footer pages 100/101.,
DOC-0136477A,sec_0109,101,5.5-filters_discarding,PASS,,"No standalone diagrams on this page - only a small inline settings icon, correctly treated as decorative.",
DOC-0136477A,sec_0109,101,5.5-filters_passing_noise,FAIL,Low,2800x200 divider present at p101.,Same recommendation as prior occurrences.
DOC-0136477A,sec_0109,101,5.5-image_section_mapping,PASS,,"Only the divider exists for this page range, correctly mapped to sec_0109.",
DOC-0136477A,sec_0111,102,5.4-hierarchy_level,PASS,,"Level 2, matches '7.1' as direct child of chapter 7 (Advanced Settings, L1).",
DOC-0136477A,sec_0111,102,5.4-parent_child,PASS,,"parent_section_id=sec_0110; children list matches chapter's own Contents (5 entries: Alarms/Targets, Adjust Scales, Serial Port Setup, Demo Mode, Engineering).",
DOC-0136477A,sec_0111,102,5.4-page_start_end,FAIL,Critical,"p102 is the opening page of Chapter 7 ('Advanced Settings'). The chapter's Contents table (5 entries) was assigned to sec_0111 (7.1, level 2) instead of the chapter root sec_0110 - '7.1 Alarms/Targets' heading starts on the same page.","8th occurrence of the chapter-opening pattern, direct-child variant (like sec_0018/sec_0025's chapter). Note: sec_0111 ALSO has its own legitimate 'Table 7-1 Visual alarm indicator colors' (3 rows), correctly rendered and correctly its own content - only the Contents table is misplaced."
DOC-0136477A,sec_0111,102,5.4-hierarchy_path,PASS,,/Advanced Settings/7.1 Alarms / Targets - matches.,
DOC-0136477A,sec_0111,102,5.4-gaps_duplicates,PASS,,Appears once.,
DOC-0136477A,sec_0111,102,5.4-flagged_for_review,PASS,,false; N/A.,
DOC-0136477A,sec_0111,102,5.4-structural_source,PASS,,toc; N/A.,
DOC-0136477A,sec_0111,102,5.6-numbering_scheme,PASS,,"arabic, matches '7.1'.",
DOC-0136477A,sec_0111,102,5.6-offset_applied,PASS,,0; matches physical footer page 102.,
DOC-0136477A,sec_0111,102,5.6-table_content,PASS,,"Two table nodes: the misplaced Contents table (rendering correct, placement issue logged separately) and 'Table 7-1 Visual alarm indicator colors' (3 rows, exactly matches the PDF table: High/red/Flashing, Medium/yellow/Flashing, Low/yellow/Solid) - both well-rendered, not empty placeholders.",
DOC-0136477A,sec_0111,102,5.5-filters_discarding,PASS,,No standalone diagrams on this page to discard.,
DOC-0136477A,sec_0111,102,5.5-filters_passing_noise,FAIL,Low,2800x200 divider present at p102.,Same recommendation as prior occurrences.
DOC-0136477A,sec_0111,102,5.5-image_section_mapping,PASS,,"Only the divider exists for this page, correctly mapped to sec_0111.",
DOC-0136477A,sec_0123,111,5.4-hierarchy_level,PASS,,"Level 2, matches '7.5' as direct child of chapter 7 (Advanced Settings).",
DOC-0136477A,sec_0123,111,5.4-parent_child,PASS,,parent_section_id=sec_0110 (Advanced Settings); last of the chapter's 5 children.,
DOC-0136477A,sec_0123,111,5.4-page_start_end,PASS,,"p111: heading + intro paragraph match exactly. Clean, no bleed from preceding '7.4 Demo Mode' warning box (which correctly stays with its own section).",
DOC-0136477A,sec_0123,111,5.4-hierarchy_path,PASS,,/Advanced Settings/7.5 Engineering - matches.,
DOC-0136477A,sec_0123,111,5.4-gaps_duplicates,PASS,,Appears once.,
DOC-0136477A,sec_0123,111,5.4-flagged_for_review,PASS,,false; N/A.,
DOC-0136477A,sec_0123,111,5.4-structural_source,PASS,,toc; N/A.,
DOC-0136477A,sec_0123,111,5.6-numbering_scheme,PASS,,"arabic, matches '7.5'.",
DOC-0136477A,sec_0123,111,5.6-offset_applied,PASS,,0; matches physical footer page 111.,
DOC-0136477A,sec_0123,111,5.5-filters_discarding,PASS,,No diagrams on this mostly-empty page to discard.,
DOC-0136477A,sec_0123,111,5.5-filters_passing_noise,FAIL,Low,2800x200 divider present at p111.,Same recommendation as prior occurrences.
DOC-0136477A,sec_0123,111,5.5-image_section_mapping,PASS,,"Only the divider exists for this page, correctly mapped to sec_0123.",
DOC-0136477A,sec_0126,112,5.4-hierarchy_level,PASS,,"Level 3, matches '8.1.1' under '8.1 Export Data'(L2) under chapter 8(L1).",
DOC-0136477A,sec_0126,112,5.4-parent_child,PASS,,parent_section_id=sec_0125 (8.1 Export Data).,
DOC-0136477A,sec_0126,112,5.4-page_start_end,FAIL,Critical,"p112 is the opening page of Chapter 8 ('Data Export and Connectivity Settings'). Contents table (5 entries: Export Data...112, Clear Data and Settings...113, etc.) assigned to sec_0126 (8.1.1, level 3) instead of the chapter root sec_0124.",9th occurrence of the chapter-opening pattern.
DOC-0136477A,sec_0126,112,5.4-hierarchy_path,PASS,,/Data Export and Connectivity Settings/8.1 Export Data/8.1.1 Data Download - matches.,
DOC-0136477A,sec_0126,112,5.4-gaps_duplicates,PASS,,Appears once.,
DOC-0136477A,sec_0126,112,5.4-flagged_for_review,PASS,,false; N/A.,
DOC-0136477A,sec_0126,112,5.4-structural_source,PASS,,toc; N/A.,
DOC-0136477A,sec_0126,112,5.6-numbering_scheme,PASS,,"arabic, matches '8.1.1'.",
DOC-0136477A,sec_0126,112,5.6-offset_applied,PASS,,0; matches physical footer page 112.,
DOC-0136477A,sec_0126,112,5.6-table_content,PASS,,"Contents table canonical_text fully rendered - rendering correct, placement issue logged under 5.4-page_start_end.",
DOC-0136477A,sec_0126,112,5.5-filters_discarding,PASS,,No standalone diagrams on this page besides small inline icons.,
DOC-0136477A,sec_0126,112,5.5-filters_passing_noise,FAIL,Low,2800x200 divider present at p112.,Same recommendation as prior occurrences.
DOC-0136477A,sec_0126,112,5.5-image_section_mapping,PASS,,"Only the divider exists for this page, correctly mapped to sec_0126.",
DOC-0136477A,sec_0137,118,5.4-hierarchy_level,PASS,,"Level 2, matches '9.1' as direct child of chapter 9 (HemoSphere Swan-Ganz Module Monitoring).",
DOC-0136477A,sec_0137,118,5.4-parent_child,PASS,,parent_section_id=sec_0136; children list matches chapter's own Contents (5 entries).,
DOC-0136477A,sec_0137,118,5.4-page_start_end,FAIL,Critical,"p118 is the opening page of Chapter 9. Contents table (5 entries: Connecting the HemoSphere Swan-Ganz Module...118, Continuous Cardiac Output...121, etc.) assigned to sec_0137 (9.1, level 2) instead of the chapter root sec_0136.",10th occurrence of the chapter-opening pattern.
DOC-0136477A,sec_0137,118,5.4-hierarchy_path,PASS,,/HemoSphere Swan-Ganz Module Monitoring/9.1 Connecting the HemoSphere Swan-Ganz Module - matches.,
DOC-0136477A,sec_0137,118,5.4-gaps_duplicates,PASS,,Appears once.,
DOC-0136477A,sec_0137,118,5.4-flagged_for_review,PASS,,false; N/A.,
DOC-0136477A,sec_0137,118,5.4-structural_source,PASS,,toc; N/A.,
DOC-0136477A,sec_0137,118,5.6-numbering_scheme,PASS,,"arabic, matches '9.1'.",
DOC-0136477A,sec_0137,118,5.6-offset_applied,PASS,,0; matches physical footer page 118.,
DOC-0136477A,sec_0137,118,5.6-table_content,PASS,,"Contents table canonical_text fully rendered - rendering correct, placement issue logged under 5.4-page_start_end.",
DOC-0136477A,sec_0137,118,5.5-filters_discarding,PASS,,"Figure 9-1 (module connection diagram, 1800x1200px, p119) correctly kept.",
DOC-0136477A,sec_0137,118,5.5-filters_passing_noise,FAIL,Low,2800x200 divider present at p118/119.,Same recommendation as prior occurrences.
DOC-0136477A,sec_0137,118,5.5-image_section_mapping,PASS,,"Figure 9-1 correctly mapped to sec_0137, its own genuine content on p119.",
DOC-0136477A,sec_0148,126,5.4-hierarchy_level,PASS,,"Level 4, matches '9.3.2.1' under '9.3.2 Configuration Settings'(L3, sec_0147).",
DOC-0136477A,sec_0148,126,5.4-parent_child,PASS,,parent_section_id=sec_0147 (9.3.2 Configuration Settings).,
DOC-0136477A,sec_0148,126,5.4-page_start_end,PASS,,"p126: own heading + injectate volume list (10mL/5mL/3mL) + closing sentence match exactly - clean text boundary, correctly excludes sec_0147's own intro/CAUTION/NOTE content that precedes it on the same page.",
DOC-0136477A,sec_0148,126,5.4-hierarchy_path,PASS,,/HemoSphere Swan-Ganz Module Monitoring/9.3 Intermittent Cardiac Output/9.3.2 Configuration Settings/9.3.2.1 Select Injectate Volume - matches.,
DOC-0136477A,sec_0148,126,5.4-gaps_duplicates,PASS,,Appears once.,
DOC-0136477A,sec_0148,126,5.4-flagged_for_review,PASS,,false; N/A.,
DOC-0136477A,sec_0148,126,5.4-structural_source,PASS,,toc; N/A.,
DOC-0136477A,sec_0148,126,5.6-numbering_scheme,PASS,,"arabic, matches '9.3.2.1'.",
DOC-0136477A,sec_0148,126,5.6-offset_applied,PASS,,0; matches physical footer page 126.,
DOC-0136477A,sec_0148,126,5.5-filters_discarding,PASS,,"Figure 9-5 (iCO new set configuration screen, 643x530px) correctly kept, not discarded.",
DOC-0136477A,sec_0148,126,5.5-filters_passing_noise,FAIL,Low,2800x200 divider present at p126.,Same recommendation as prior occurrences.
DOC-0136477A,sec_0148,126,5.5-image_section_mapping,FAIL,Medium,"Figure 9-5 (643x530px, p126) is visually under '9.3.2 Configuration Settings' intro (sec_0147's own text confirms the 'Figure 9-5...' caption lives correctly in sec_0147), but the image itself is mapped to sec_0148 (9.3.2.1, its child) instead of sec_0147.","3rd confirmed occurrence of the parent/sibling image-mismapping pattern (after sec_0076/0077 and sec_0097/0098) - now a well-established systemic bug, not isolated cases. Worth escalating alongside the Contents-table bug as the two highest-confidence findings."
DOC-0136477A,sec_0159,133,5.4-hierarchy_level,PASS,,"Level 3, matches '9.4.5' under '9.4 EDV/RVEF Monitoring'(L2, sec_0154).",
DOC-0136477A,sec_0159,133,5.4-parent_child,PASS,,parent_section_id=sec_0154 (9.4 EDV/RVEF Monitoring).,
DOC-0136477A,sec_0159,133,5.4-page_start_end,PASS,,p133: heading + intro paragraph match exactly. Correctly excludes preceding content (end of '9.4.4') and following '9.5 SVR' section also on this page.,
DOC-0136477A,sec_0159,133,5.4-hierarchy_path,PASS,,/HemoSphere Swan-Ganz Module Monitoring/9.4 EDV/RVEF Monitoring/9.4.5 STAT EDV and RVEF - matches.,
DOC-0136477A,sec_0159,133,5.4-gaps_duplicates,PASS,,Appears once.,
DOC-0136477A,sec_0159,133,5.4-flagged_for_review,PASS,,false; N/A.,
DOC-0136477A,sec_0159,133,5.4-structural_source,PASS,,toc; N/A.,
DOC-0136477A,sec_0159,133,5.6-numbering_scheme,PASS,,"arabic, matches '9.4.5'.",
DOC-0136477A,sec_0159,133,5.6-offset_applied,PASS,,0; matches physical footer page 133.,
DOC-0136477A,sec_0159,133,5.5-filters_discarding,PASS,,No standalone diagrams on this page besides small inline icons.,
DOC-0136477A,sec_0159,133,5.5-filters_passing_noise,FAIL,Low,2800x200 divider present at p133.,Same recommendation as prior occurrences.
DOC-0136477A,sec_0159,133,5.5-image_section_mapping,PASS,,"Only the divider exists for this page, correctly mapped to sec_0159.",
DOC-0136477A,sec_0162,134,5.4-hierarchy_level,PASS,,"Level 2, matches '10.1' as direct child of chapter 10 (Monitoring with the HemoSphere Pressure Cable).",
DOC-0136477A,sec_0162,134,5.4-parent_child,PASS,,parent_section_id=sec_0161; children list matches chapter's own Contents (6 entries).,
DOC-0136477A,sec_0162,134,5.4-page_start_end,FAIL,Critical,"p134 is the opening page of Chapter 10. Contents table (6 entries) assigned to sec_0162 (10.1, level 2) instead of the chapter root sec_0161.",11th occurrence of the chapter-opening pattern.
DOC-0136477A,sec_0162,134,5.4-hierarchy_path,PASS,,/Monitoring with the HemoSphere Pressure Cable/10.1 Pressure Cable Overview - matches.,
DOC-0136477A,sec_0162,134,5.4-gaps_duplicates,PASS,,Appears once.,
DOC-0136477A,sec_0162,134,5.4-flagged_for_review,PASS,,false; N/A.,
DOC-0136477A,sec_0162,134,5.4-structural_source,PASS,,toc; N/A.,
DOC-0136477A,sec_0162,134,5.6-numbering_scheme,PASS,,"arabic, matches '10.1'.",
DOC-0136477A,sec_0162,134,5.6-offset_applied,PASS,,0; matches physical footer pages 134/135.,
DOC-0136477A,sec_0162,134,5.6-table_content,PASS,,"Two tables: misplaced Contents table (rendering correct, placement issue logged separately) and 'Table 10-1 HemoSphere pressure cable configurations' (7-row x 6-column real matrix) - both exactly match the PDF, well rendered.",
DOC-0136477A,sec_0162,134,5.5-filters_discarding,PASS,,"Figure 10-1 (HemoSphere pressure cable diagram, 697x445px, p135) correctly kept.",
DOC-0136477A,sec_0162,134,5.5-filters_passing_noise,FAIL,Low,2800x200 divider present at p134/135.,Same recommendation as prior occurrences.
DOC-0136477A,sec_0162,134,5.5-image_section_mapping,PASS,,"Figure 10-1 correctly mapped to sec_0162, its own genuine content, sole owner of p134-135.",
DOC-0136477A,sec_0176,144,5.4-hierarchy_level,PASS,,"Level 3, matches '10.6.3' under '10.6 Zero & Waveform Screen'(L2, sec_0173).",
DOC-0136477A,sec_0176,144,5.4-parent_child,PASS,,parent_section_id=sec_0173 (10.6 Zero & Waveform Screen).,
DOC-0136477A,sec_0176,144,5.4-page_start_end,PASS,,"p144: heading + 3 paragraphs + WARNING box match exactly. Note: the source PDF itself contains a broken cross-reference placeholder text '(see link to Graphical trend subsection)' in the first paragraph - this is a source-document authoring defect, not a pdf-tree extraction defect; correctly extracted verbatim as-is.",
DOC-0136477A,sec_0176,144,5.4-hierarchy_path,PASS,,/Monitoring with the HemoSphere Pressure Cable/10.6 Zero & Waveform Screen/10.6.3 Waveform Confirmation - matches.,
DOC-0136477A,sec_0176,144,5.4-gaps_duplicates,PASS,,Appears once.,
DOC-0136477A,sec_0176,144,5.4-flagged_for_review,PASS,,false; N/A.,
DOC-0136477A,sec_0176,144,5.4-structural_source,PASS,,toc; N/A.,
DOC-0136477A,sec_0176,144,5.6-numbering_scheme,PASS,,"arabic, matches '10.6.3'.",
DOC-0136477A,sec_0176,144,5.6-offset_applied,PASS,,0; matches physical footer page 144.,
DOC-0136477A,sec_0176,144,5.5-filters_discarding,PASS,,"Two small inline icons (pressure signal, Zero & Waveform) correctly not extracted as standalone images - too small, decorative UI icons.",
DOC-0136477A,sec_0176,144,5.5-filters_passing_noise,FAIL,Low,2800x200 divider present at p144.,Same recommendation as prior occurrences.
DOC-0136477A,sec_0176,144,5.5-image_section_mapping,PASS,,"Only the divider exists for this page, correctly mapped to sec_0176.",
DOC-0136477A,sec_0178,145,5.4-hierarchy_level,PASS,,"Level 2, matches '11.1' as direct child of chapter 11 (Oximetry Monitoring).",
DOC-0136477A,sec_0178,145,5.4-parent_child,PASS,,parent_section_id=sec_0177; children list matches chapter's own Contents (8 entries).,
DOC-0136477A,sec_0178,145,5.4-page_start_end,FAIL,Critical,"p145 is the opening page of Chapter 11. Contents table (8 entries: Oximetry Setup...145, In Vitro Calibration...147, etc.) assigned to sec_0178 (11.1, level 2) instead of the chapter root sec_0177.",12th occurrence of the chapter-opening pattern.
DOC-0136477A,sec_0178,145,5.4-hierarchy_path,PASS,,/Oximetry Monitoring/11.1 Oximetry Cable Overview - matches.,
DOC-0136477A,sec_0178,145,5.4-gaps_duplicates,PASS,,Appears once.,
DOC-0136477A,sec_0178,145,5.4-flagged_for_review,PASS,,false; N/A.,
DOC-0136477A,sec_0178,145,5.4-structural_source,PASS,,toc; N/A.,
DOC-0136477A,sec_0178,145,5.6-numbering_scheme,PASS,,"arabic, matches '11.1'.",
DOC-0136477A,sec_0178,145,5.6-offset_applied,PASS,,0; matches physical footer page 145.,
DOC-0136477A,sec_0178,145,5.6-table_content,PASS,,"Contents table canonical_text fully rendered - rendering correct, placement issue logged under 5.4-page_start_end.",
DOC-0136477A,sec_0178,145,5.5-filters_discarding,PASS,,No standalone diagrams on this page to discard.,
DOC-0136477A,sec_0178,145,5.5-filters_passing_noise,FAIL,Low,2800x200 divider present at p145.,Same recommendation as prior occurrences.
DOC-0136477A,sec_0178,145,5.5-image_section_mapping,PASS,,"Only the divider exists for this page, correctly mapped to sec_0178.",
DOC-0136477A,sec_0189,153,5.4-hierarchy_level,PASS,,"Level 2, matches '12.1' as direct child of chapter 12 (Advanced Features).",
DOC-0136477A,sec_0189,153,5.4-parent_child,PASS,,parent_section_id=sec_0188; children list matches chapter's own Contents (2 entries).,
DOC-0136477A,sec_0189,153,5.4-page_start_end,FAIL,Critical,"p153 is the opening page of Chapter 12. Contents table (2 entries: Acumen HPI Software Feature...153, Enhanced Parameter Tracking...167) - INCLUDING the literal 'Contents' label text itself this time - assigned to sec_0189 (12.1, level 2) instead of the chapter root sec_0188.","13th occurrence of the chapter-opening pattern. This occurrence's table canonical_text starts with the literal word 'Contents\n', confirming beyond doubt this is the chapter's own Contents box, not a legitimate section-level mini-TOC."
DOC-0136477A,sec_0189,153,5.4-hierarchy_path,PASS,,/Advanced Features/12.1 Acumen Hypotension Prediction Index (HPI) Software Feature - matches.,
DOC-0136477A,sec_0189,153,5.4-gaps_duplicates,PASS,,Appears once.,
DOC-0136477A,sec_0189,153,5.4-flagged_for_review,PASS,,false; N/A.,
DOC-0136477A,sec_0189,153,5.4-structural_source,PASS,,toc; N/A.,
DOC-0136477A,sec_0189,153,5.6-numbering_scheme,PASS,,"arabic, matches '12.1'.",
DOC-0136477A,sec_0189,153,5.6-offset_applied,PASS,,0; matches physical footer page 153.,
DOC-0136477A,sec_0189,153,5.6-table_content,PASS,,"Both tables (misplaced Contents box and the 'Display option/Key Parameter' alarm table further into the section) fully rendered, not empty placeholders.",
DOC-0136477A,sec_0189,153,5.5-filters_discarding,PASS,,No standalone diagrams on p153 to discard.,
DOC-0136477A,sec_0189,153,5.5-filters_passing_noise,FAIL,Low,2800x200 divider present at p153.,Same recommendation as prior occurrences.
DOC-0136477A,sec_0189,153,5.5-image_section_mapping,PASS,,"Only the divider exists for p153, correctly mapped to sec_0189.",
DOC-0136477A,sec_0198,162,5.4-hierarchy_level,PASS,,"Level 3, matches '12.1.9' under '12.1 Acumen HPI Software Feature'(L2, sec_0189).",
DOC-0136477A,sec_0198,162,5.4-parent_child,PASS,,parent_section_id=sec_0189.,
DOC-0136477A,sec_0198,162,5.4-page_start_end,PASS,,"p162: heading + 3 bullet paragraphs (SVV, dP/dt, Ea_dyn) + 2 closing paragraphs + heart diagram figure all match exactly. Correctly excludes the preceding bullets belonging to '12.1.8'.",
DOC-0136477A,sec_0198,162,5.4-hierarchy_path,PASS,,/Advanced Features/12.1 Acumen Hypotension Prediction Index (HPI) Software Feature/12.1.9 Additional Parameters - matches.,
DOC-0136477A,sec_0198,162,5.4-gaps_duplicates,PASS,,Appears once.,
DOC-0136477A,sec_0198,162,5.4-flagged_for_review,PASS,,false; N/A.,
DOC-0136477A,sec_0198,162,5.4-structural_source,PASS,,toc; N/A.,
DOC-0136477A,sec_0198,162,5.6-numbering_scheme,PASS,,"arabic, matches '12.1.9'.",
DOC-0136477A,sec_0198,162,5.6-offset_applied,PASS,,0; matches physical footer page 162.,
DOC-0136477A,sec_0198,162,5.5-filters_discarding,PASS,,"Preload/Contractility/Afterload 3-panel heart diagram (521x152px, wide horizontal composite) correctly kept.",
DOC-0136477A,sec_0198,162,5.5-filters_passing_noise,FAIL,Low,2800x200 divider present at p162.,Same recommendation as prior occurrences.
DOC-0136477A,sec_0198,162,5.5-image_section_mapping,PASS,,"Heart diagram correctly mapped to sec_0198, sole owner of p162.",
DOC-0136477A,sec_0207,170,5.4-hierarchy_level,PASS,,"Level 3, matches '12.2.3' under '12.2 Enhanced Parameter Tracking'(L2, sec_0201).",
DOC-0136477A,sec_0207,170,5.4-parent_child,PASS,,parent_section_id=sec_0201.,
DOC-0136477A,sec_0207,170,5.4-page_start_end,PASS,,p170: heading + intro paragraph match exactly. Correctly excludes preceding numbered steps 8-10 belonging to prior section.,
DOC-0136477A,sec_0207,170,5.4-hierarchy_path,PASS,,/Advanced Features/12.2 Enhanced Parameter Tracking/12.2.3 GDT Report Download - matches.,
DOC-0136477A,sec_0207,170,5.4-gaps_duplicates,PASS,,Appears once.,
DOC-0136477A,sec_0207,170,5.4-flagged_for_review,PASS,,false; N/A.,
DOC-0136477A,sec_0207,170,5.4-structural_source,PASS,,toc; N/A.,
DOC-0136477A,sec_0207,170,5.6-numbering_scheme,PASS,,"arabic, matches '12.2.3'.",
DOC-0136477A,sec_0207,170,5.6-offset_applied,PASS,,0; matches physical footer page 170.,
DOC-0136477A,sec_0207,170,5.5-filters_discarding,PASS,,Small inline icons correctly not extracted as standalone images.,
DOC-0136477A,sec_0207,170,5.5-filters_passing_noise,FAIL,Low,2800x200 divider present at p170.,Same recommendation as prior occurrences.
DOC-0136477A,sec_0207,170,5.5-image_section_mapping,PASS,,"Only the divider exists for this page, correctly mapped to sec_0207.",
DOC-0136477A,sec_0209,171,5.4-hierarchy_level,PASS,,"Level 2, matches '13.1' as direct child of chapter 13 (Troubleshooting).",
DOC-0136477A,sec_0209,171,5.4-parent_child,PASS,,parent_section_id=sec_0208; children list matches chapter's own Contents (6 entries).,
DOC-0136477A,sec_0209,171,5.4-page_start_end,FAIL,Critical,"p171 is the opening page of Chapter 13. Contents table (6 entries: On Screen Help...171, Monitor Status Lights...172, etc.) assigned to sec_0209 (13.1, level 2) instead of the chapter root sec_0208.",14th occurrence of the chapter-opening pattern.
DOC-0136477A,sec_0209,171,5.4-hierarchy_path,PASS,,/Troubleshooting/13.1 On Screen Help - matches.,
DOC-0136477A,sec_0209,171,5.4-gaps_duplicates,PASS,,Appears once.,
DOC-0136477A,sec_0209,171,5.4-flagged_for_review,PASS,,false; N/A.,
DOC-0136477A,sec_0209,171,5.4-structural_source,PASS,,toc; N/A.,
DOC-0136477A,sec_0209,171,5.6-numbering_scheme,PASS,,"arabic, matches '13.1'.",
DOC-0136477A,sec_0209,171,5.6-offset_applied,PASS,,0; matches physical footer page 171.,
DOC-0136477A,sec_0209,171,5.6-table_content,PASS,,"Contents table canonical_text fully rendered - rendering correct, placement issue logged under 5.4-page_start_end.",
DOC-0136477A,sec_0209,171,5.5-filters_discarding,PASS,,Small inline icon correctly not extracted as standalone image.,
DOC-0136477A,sec_0209,171,5.5-filters_passing_noise,FAIL,Low,2800x200 divider present at p171.,Same recommendation as prior occurrences.
DOC-0136477A,sec_0209,171,5.5-image_section_mapping,PASS,,"Only the divider exists for this page, correctly mapped to sec_0209.",
DOC-0136477A,sec_0220,180,5.4-hierarchy_level,PASS,,"Level 3, matches '13.5.4' under '13.5 HemoSphere Swan-Ganz Module Error Messages'(L2, sec_0216).",
DOC-0136477A,sec_0220,180,5.4-parent_child,PASS,,parent_section_id=sec_0216.,
DOC-0136477A,sec_0220,180,5.4-page_start_end,FAIL,Critical,"p180: sec_0220's own content ('13.5.4 SVR Faults/Alerts' heading + 'Table 13-10' with its 2 visible rows) is correct, BUT the section ALSO includes 'Table 13-9 (continued)' (5 rows: Alert: iCO - Unstable Baseline / Curve Not Detected / Extended Curve / Irregular Curve / Warm Injectate), which is visually positioned ABOVE the '13.5.4' heading and belongs to the PRECEDING section '13.5.3 iCO Faults/Alerts' (sec_0219). Confirmed: sec_0219's own page range is 179-179 only, even though Table 13-9 visibly continues onto p180 - the continuation rows are missing from sec_0219 and misplaced into sec_0220 instead.","NEW VARIANT of the reading_order-vs-heading-transition bug (previously only seen at chapter openings, now confirmed mid-chapter too, at any heading transition where a table's continuation crosses it). Broadens the root-cause characterization: this is not limited to chapter-opening Contents boxes - it's a general risk whenever a table spans/ends right at a section-heading boundary. Escalate as the same underlying section_matcher.py reading_order issue, generalized."
DOC-0136477A,sec_0220,180,5.4-hierarchy_path,PASS,,/HemoSphere Swan-Ganz Module Monitoring/13.5 HemoSphere Swan-Ganz Module Error Messages/13.5.4 SVR Faults/Alerts - matches.,
DOC-0136477A,sec_0220,180,5.4-gaps_duplicates,PASS,,Appears once.,
DOC-0136477A,sec_0220,180,5.4-flagged_for_review,PASS,,false; N/A.,
DOC-0136477A,sec_0220,180,5.4-structural_source,PASS,,toc; N/A.,
DOC-0136477A,sec_0220,180,5.6-numbering_scheme,PASS,,"arabic, matches '13.5.4'.",
DOC-0136477A,sec_0220,180,5.6-offset_applied,PASS,,0; matches physical footer page 180.,
DOC-0136477A,sec_0220,180,5.6-table_content,PASS,,"Both tables fully rendered with real cell content, matching the PDF exactly - rendering itself correct, placement issue logged under 5.4-page_start_end.",
DOC-0136477A,sec_0220,180,5.5-filters_discarding,PASS,,No standalone diagrams on this page to discard.,
DOC-0136477A,sec_0220,180,5.5-filters_passing_noise,PASS,,"No divider image found for this page in images_v1.json - table-heavy page, no footer-adjacent extraction this time.",
DOC-0136477A,sec_0220,180,5.5-image_section_mapping,PASS,,No images to map for this page.,
DOC-0136477A,sec_0231,190,5.4-hierarchy_level,PASS,,"Level 3, matches '13.7.3' under '13.7 Oximetry Error Messages'(L2, sec_0228).",
DOC-0136477A,sec_0231,190,5.4-parent_child,PASS,,parent_section_id=sec_0228.,
DOC-0136477A,sec_0231,190,5.4-page_start_end,PASS,,"p190: heading + 'Table 13-19 Oximetry general troubleshooting' (3 rows) match exactly - single self-contained table, no bleed from neighboring sections.",
DOC-0136477A,sec_0231,190,5.4-hierarchy_path,PASS,,/Troubleshooting/13.7 Oximetry Error Messages/13.7.3 Oximetry General Troubleshooting - matches.,
DOC-0136477A,sec_0231,190,5.4-gaps_duplicates,PASS,,Appears once.,
DOC-0136477A,sec_0231,190,5.4-flagged_for_review,PASS,,false; N/A.,
DOC-0136477A,sec_0231,190,5.4-structural_source,PASS,,toc; N/A.,
DOC-0136477A,sec_0231,190,5.6-numbering_scheme,PASS,,"arabic, matches '13.7.3'.",
DOC-0136477A,sec_0231,190,5.6-offset_applied,PASS,,0; matches physical footer page 190.,
DOC-0136477A,sec_0231,190,5.6-table_content,PASS,,Table 13-19 canonical_text exactly matches the 3-row PDF table.,
DOC-0136477A,sec_0231,190,5.5-filters_discarding,PASS,,No standalone diagrams on this page.,
DOC-0136477A,sec_0231,190,5.5-filters_passing_noise,FAIL,Low,2800x200 divider present at p190.,Same recommendation as prior occurrences.
DOC-0136477A,sec_0231,190,5.5-image_section_mapping,PASS,,"Only the divider exists for this page, correctly mapped to sec_0231.",
DOC-0136477A,sec_0233,191,5.4-hierarchy_level,PASS,,"Level 2, matches 'A.1' as direct child of Appendix A (Specifications).",
DOC-0136477A,sec_0233,191,5.4-parent_child,PASS,,parent_section_id=sec_0232; children list matches chapter's own Contents (6 entries).,
DOC-0136477A,sec_0233,191,5.4-page_start_end,FAIL,Critical,"p191 is the opening page of Appendix A. Contents table (6 entries: Essential Performance Characteristics...191, HemoSphere Advanced Monitor Specifications...192, etc.) assigned to sec_0233 (A.1, level 2) instead of the chapter root sec_0232.","15th occurrence of the chapter-opening pattern - confirms it applies to lettered appendices too, not just numbered chapters."
DOC-0136477A,sec_0233,191,5.4-hierarchy_path,PASS,,/Specifications/A.1 Essential Performance Characteristics - matches.,
DOC-0136477A,sec_0233,191,5.4-gaps_duplicates,PASS,,Appears once.,
DOC-0136477A,sec_0233,191,5.4-flagged_for_review,PASS,,false; N/A.,
DOC-0136477A,sec_0233,191,5.4-structural_source,PASS,,toc; N/A.,
DOC-0136477A,sec_0233,191,5.6-numbering_scheme,PASS,,"arabic (numeric part of 'A.1'), consistent with other appendix sections.",
DOC-0136477A,sec_0233,191,5.6-offset_applied,PASS,,0; matches physical footer page 191.,
DOC-0136477A,sec_0233,191,5.6-table_content,PASS,,"Both the misplaced Contents table and 'Table A-1' (essential performance, real content) are fully rendered.",
DOC-0136477A,sec_0233,191,5.5-filters_discarding,PASS,,No standalone diagrams on this page.,
DOC-0136477A,sec_0233,191,5.5-filters_passing_noise,FAIL,Low,2800x200 divider present at p191.,Same recommendation as prior occurrences.
DOC-0136477A,sec_0233,191,5.5-image_section_mapping,PASS,,"Only the divider exists for this page, correctly mapped to sec_0233.",
DOC-0136477A,sec_0243,200,5.4-hierarchy_level,PASS,,Level 1 - correctly an appendix root (parent_section_id=None).,
DOC-0136477A,sec_0243,200,5.4-parent_child,PASS,,"Root section, structurally correct.",
DOC-0136477A,sec_0243,200,5.4-page_start_end,PASS,,"p200: this appendix (Appendix C) has NO Contents box in the source PDF at all - goes straight from title to intro paragraph to NOTE to Table C-1. Clean control case: no Contents-box risk exists here because none was ever authored, confirming the bug is specific to chapters/appendices that DO have a Contents box.","Useful additional control case alongside sec_0047, reinforcing the root-cause characterization."
DOC-0136477A,sec_0243,200,5.4-hierarchy_path,PASS,,/Equations for Calculated Patient Parameters - correct root path.,
DOC-0136477A,sec_0243,200,5.4-gaps_duplicates,PASS,,Appears once.,
DOC-0136477A,sec_0243,200,5.4-flagged_for_review,PASS,,false; N/A.,
DOC-0136477A,sec_0243,200,5.4-structural_source,PASS,,toc; N/A.,
DOC-0136477A,sec_0243,200,5.6-numbering_scheme,PASS,,arabic; consistent with other roots.,
DOC-0136477A,sec_0243,200,5.6-offset_applied,PASS,,0; matches physical footer page 200.,
DOC-0136477A,sec_0243,200,5.6-table_content,PASS,,"Table C-1 (Cardiac and oxygenation profile equations, BSA/CaO2 rows visible) exactly matches the PDF.",
DOC-0136477A,sec_0243,200,5.5-filters_discarding,PASS,,No standalone diagrams on this page.,
DOC-0136477A,sec_0243,200,5.5-filters_passing_noise,FAIL,Low,2800x200 divider present at p200.,Same recommendation as prior occurrences.
DOC-0136477A,sec_0243,200,5.5-image_section_mapping,PASS,,"Only the divider exists for this page, correctly mapped to sec_0243.",
DOC-0136477A,sec_0245,206,5.4-hierarchy_level,PASS,,"Level 2, matches 'D.1' as direct child of Appendix D (Monitor Settings and Defaults).",
DOC-0136477A,sec_0245,206,5.4-parent_child,PASS,,parent_section_id=sec_0244.,
DOC-0136477A,sec_0245,206,5.4-page_start_end,FAIL,Critical,"p206: sec_0245's own content (D.1 heading + Table D-1 Patient information, 6 rows) is correct, BUT it ALSO includes the full data table for 'Table D-2 Graphical trend parameter scale defaults' (12 rows), which visually and textually belongs to the SIBLING section 'D.2 Trend Scale Default Limits' (sec_0246) - confirmed sec_0246's own text nodes correctly contain the 'D.2' heading and 'Table D-2...' caption, but the actual table DATA is missing from sec_0246 and sitting in sec_0245 instead.","4th occurrence of the sibling-mismapping pattern (after sec_0076/77, sec_0097/98, sec_0147/148) - and the first one involving a TABLE rather than an image, confirming the bug isn't image-specific: any content block (image or table) near a heading transition on a shared page can be mismapped to the wrong sibling. No Contents-box was involved here (this appendix has none), so this is purely the sibling-mismapping bug, independent of the chapter-opening bug."
DOC-0136477A,sec_0245,206,5.4-hierarchy_path,PASS,,/Monitor Settings and Defaults/D.1 Patient Data Input Range - matches.,
DOC-0136477A,sec_0245,206,5.4-gaps_duplicates,PASS,,Appears once.,
DOC-0136477A,sec_0245,206,5.4-flagged_for_review,PASS,,false; N/A.,
DOC-0136477A,sec_0245,206,5.4-structural_source,PASS,,toc; N/A.,
DOC-0136477A,sec_0245,206,5.6-numbering_scheme,PASS,,"arabic (numeric part of 'D.1'), consistent.",
DOC-0136477A,sec_0245,206,5.6-offset_applied,PASS,,0; matches physical footer page 206.,
DOC-0136477A,sec_0245,206,5.6-table_content,PASS,,"Both tables (D-1, correctly its own; and the misplaced D-2) are fully rendered with real cell content, not empty placeholders - rendering itself correct, placement issue logged under 5.4-page_start_end.",
DOC-0136477A,sec_0245,206,5.5-filters_discarding,PASS,,No standalone diagrams on this page.,
DOC-0136477A,sec_0245,206,5.5-filters_passing_noise,FAIL,Low,2800x200 divider present at p206.,Same recommendation as prior occurrences.
DOC-0136477A,sec_0245,206,5.5-image_section_mapping,PASS,,"Only the divider exists for this page, correctly mapped to sec_0245.",
DOC-0136477A,sec_0254,214,5.4-hierarchy_level,PASS,,"Level 2, matches 'F.1' as direct child of Appendix F (System Care, Service and Support).",
DOC-0136477A,sec_0254,214,5.4-parent_child,PASS,,parent_section_id=sec_0253; children list matches chapter's own Contents (8 entries).,
DOC-0136477A,sec_0254,214,5.4-page_start_end,FAIL,Critical,"p214 is the opening page of Appendix F. Contents table (8 entries) assigned to sec_0254 (F.1, level 2) instead of the chapter root sec_0253.",16th occurrence of the chapter-opening pattern.
DOC-0136477A,sec_0254,214,5.4-hierarchy_path,PASS,,"/System Care, Service and Support/F.1 General Maintenance - matches.",
DOC-0136477A,sec_0254,214,5.4-gaps_duplicates,PASS,,Appears once.,
DOC-0136477A,sec_0254,214,5.4-flagged_for_review,PASS,,false; N/A.,
DOC-0136477A,sec_0254,214,5.4-structural_source,PASS,,toc; N/A.,
DOC-0136477A,sec_0254,214,5.6-numbering_scheme,PASS,,"arabic (numeric part of 'F.1'), consistent.",
DOC-0136477A,sec_0254,214,5.6-offset_applied,PASS,,0; matches physical footer page 214.,
DOC-0136477A,sec_0254,214,5.6-table_content,PASS,,"Contents table canonical_text fully rendered - rendering correct, placement issue logged under 5.4-page_start_end.",
DOC-0136477A,sec_0254,214,5.5-filters_discarding,PASS,,No standalone diagrams on this page.,
DOC-0136477A,sec_0254,214,5.5-filters_passing_noise,FAIL,Low,2800x200 divider present at p214.,Same recommendation as prior occurrences.
DOC-0136477A,sec_0254,214,5.5-image_section_mapping,PASS,,"Only the divider exists for this page, correctly mapped to sec_0254.",
DOC-0136477A,sec_0271,221,5.4-hierarchy_level,PASS,,"Level 2, matches 'G.1' as direct child of Appendix G (Guidance and Manufacturer's Declaration).",
DOC-0136477A,sec_0271,221,5.4-parent_child,PASS,,parent_section_id=sec_0270; children list matches chapter's own Contents (3 entries).,
DOC-0136477A,sec_0271,221,5.4-page_start_end,FAIL,Critical,"p221 is the opening page of Appendix G. Contents table (literal 'Contents\n' prefix + 3 entries: Electromagnetic Compatibility...221, Instructions for Use...222, Wireless Technology Information...227) assigned to sec_0271 (G.1, level 2) instead of the chapter root sec_0270.",17th occurrence of the chapter-opening pattern.
DOC-0136477A,sec_0271,221,5.4-hierarchy_path,PASS,,/Guidance and Manufacturer's Declaration/G.1 Electromagnetic Compatibility - matches.,
DOC-0136477A,sec_0271,221,5.4-gaps_duplicates,PASS,,Appears once.,
DOC-0136477A,sec_0271,221,5.4-flagged_for_review,PASS,,false; N/A.,
DOC-0136477A,sec_0271,221,5.4-structural_source,PASS,,toc; N/A.,
DOC-0136477A,sec_0271,221,5.6-numbering_scheme,PASS,,"arabic (numeric part of 'G.1'), consistent.",
DOC-0136477A,sec_0271,221,5.6-offset_applied,PASS,,0; matches physical footer page 221.,
DOC-0136477A,sec_0271,221,5.6-table_content,PASS,,"Contents table canonical_text fully rendered - rendering correct, placement issue logged under 5.4-page_start_end.",
DOC-0136477A,sec_0271,221,5.5-filters_discarding,PASS,,No standalone diagrams on this page.,
DOC-0136477A,sec_0271,221,5.5-filters_passing_noise,FAIL,Low,2800x200 divider present at p221.,Same recommendation as prior occurrences.
DOC-0136477A,sec_0271,221,5.5-image_section_mapping,PASS,,"Only the divider exists for this page, correctly mapped to sec_0271.",
DOC-0136477A,sec_0275,230,5.4-hierarchy_level,PASS,,"Level 3, matches 'G.3.2' under 'G.3 Wireless Technology Information'(L2, sec_0273).",
DOC-0136477A,sec_0275,230,5.4-parent_child,PASS,,parent_section_id=sec_0273.,
DOC-0136477A,sec_0275,230,5.4-page_start_end,PASS,,p230: heading + intro paragraph match exactly. Correctly excludes preceding 'G.3.1' content and following 'G.3.3' section also visible on this page.,
DOC-0136477A,sec_0275,230,5.4-hierarchy_path,PASS,,/Guidance and Manufacturer's Declaration/G.3 Wireless Technology Information/G.3.2 Wireless Security Measures - matches.,
DOC-0136477A,sec_0275,230,5.4-gaps_duplicates,PASS,,Appears once.,
DOC-0136477A,sec_0275,230,5.4-flagged_for_review,PASS,,false; N/A.,
DOC-0136477A,sec_0275,230,5.4-structural_source,PASS,,toc; N/A.,
DOC-0136477A,sec_0275,230,5.6-numbering_scheme,PASS,,"arabic, matches 'G.3.2'.",
DOC-0136477A,sec_0275,230,5.6-offset_applied,PASS,,0; matches physical footer page 230.,
DOC-0136477A,sec_0275,230,5.5-filters_discarding,PASS,,No standalone diagrams on this page.,
DOC-0136477A,sec_0275,230,5.5-filters_passing_noise,FAIL,Low,2800x200 divider present at p230.,Same recommendation as prior occurrences.
DOC-0136477A,sec_0275,230,5.5-image_section_mapping,PASS,,"Only the divider exists for this page, correctly mapped to sec_0275.",
DOC-0136477A,sec_0279,240,5.4-hierarchy_level,PASS,,"Level 3, matches 'G.3.6' under 'G.3 Wireless Technology Information'(L2, sec_0273) - the level itself is correct even though the page range is badly wrong.",
DOC-0136477A,sec_0279,240,5.4-parent_child,PASS,,parent_section_id=sec_0273 - structurally correct.,
DOC-0136477A,sec_0279,240,5.4-page_start_end,FAIL,Critical,"sec_0279 is declared page_start=231, page_end=240 (the LAST bookmark in the document, so page_end defaults to total_pages per section_matcher.py's rule 'Last bookmark gets page_end = total_pages'). Ground truth: 'G.3.6 European Union R&TTE Statements' content genuinely ends around p232 ('Hereby, Edwards Lifesciences, declares that this monitor is in compliance...'). Pages 233-235 are an ENTIRELY SEPARATE, UNBOOKMARKED appendix - 'Appendix H: Glossary' (alphabetical term definitions). Pages 236-239 are a further UNBOOKMARKED 'Index' (alphabetical page-reference index - this exactly explains the two odd table nodes found in sec_0279's data: 'electromagnetic | HemoSphere oximetry cable...25' and 'monitor settings, general 104...84 | communication...', which are literally chunks of the Index's two-column layout misclassified as table content). Page 240 is a blank legal/copyright page. None of this back-matter (Glossary, Index) exists as its own section anywhere in tree.json - it is completely structurally invisible, silently absorbed into sec_0279 and mislabeled under the hierarchy_path '/Guidance and Manufacturer's Declaration/G.3 Wireless Technology Information/G.3.6 European Union R&TTE Statements'.","MOST SEVERE FINDING OF THIS AUDIT. This is the exact 'front-matter/back-matter boundary' risk the Task 1.3 mandatory sampling rule was designed to catch (EVALUATION_GUIDE.md SS4.2) - and it worked as intended by flagging this as the 'last content section' mandatory pick. Root cause: the PDF's own embedded TOC does not bookmark 'Glossary' or 'Index' (confirmed: bookmark_count=279=section_count exactly, so the source PDF genuinely has no bookmarks for these), and section_matcher.py's fallback rule for the last bookmark (page_end=total_pages) silently absorbs ALL trailing unbookmarked content into whatever the last bookmarked section happens to be, with no detection or flag that this happened. Recommendation: when the last bookmark's computed page range is unusually large relative to its siblings, or when Docling's own heading detection finds section-header-styled text (e.g. 'Glossary', 'Index' in large heading font, confirmed visible in the page renders) within that trailing range that doesn't correspond to any bookmark, the pipeline should flag_for_review or otherwise surface the discrepancy rather than silently attributing it. This is a structural/retrieval risk: any RAG query touching Glossary or Index content would be mis-cited as belonging to a EU regulatory statement section."
DOC-0136477A,sec_0279,240,5.4-hierarchy_path,PASS,,"Path itself is structurally correct given the bookmark hierarchy; the problem is the page range/content it captures, not the path string.",
DOC-0136477A,sec_0279,240,5.4-gaps_duplicates,FAIL,Medium,"The Glossary and Index appendices, both clearly present and titled in the source PDF (large heading-styled titles 'Glossary' and 'Index' visible on p233 and p236), do not appear anywhere in tree.json as their own sections - they are entirely absent from the 279-section structure.","Related to the main 5.4-page_start_end finding above - logged separately here because it specifically fails the 'no gaps' requirement (content visible in the source document's real structure is completely missing from the reconstructed tree, not just misplaced)."
DOC-0136477A,sec_0279,240,5.4-flagged_for_review,PASS,,"false - which is itself part of the problem: this section should arguably have been flagged given how anomalous its resulting page range is, but wasn't.",
DOC-0136477A,sec_0279,240,5.4-structural_source,PASS,,"toc; N/A - correctly sourced from the native bookmark for G.3.6 itself, just with a badly miscalibrated page_end.",
DOC-0136477A,sec_0279,240,5.6-numbering_scheme,PASS,,"arabic, matches 'G.3.6' numbering itself (unrelated to the page-range defect).",
DOC-0136477A,sec_0279,240,5.6-offset_applied,PASS,,"0; the offset mechanism itself is not implicated - this is a page_end boundary-calculation issue, not a page-numbering-scheme offset issue.",
DOC-0136477A,sec_0279,240,5.6-table_content,FAIL,Medium,"The two table nodes attributed to sec_0279 ('electromagnetic | HemoSphere oximetry cable...25...' and 'monitor settings, general 104...84 | communication...') are not real tables at all - they are fragments of the back-matter Index's two-column alphabetical layout, misclassified as table structure and, per the main finding above, misattributed to the wrong section entirely.","Symptom of the same root cause as 5.4-page_start_end - listed separately since it's a distinct checklist item, but do not count as a separate bug for Task 2.3 consolidation."
DOC-0136477A,sec_0279,240,5.5-filters_discarding,PASS,,No standalone diagrams identified as missing across this page range.,
DOC-0136477A,sec_0279,240,5.5-filters_passing_noise,PASS,,No divider image found mapped to sec_0279 in images_v1.json for this range.,
DOC-0136477A,sec_0279,240,5.5-image_section_mapping,PASS,,No images to evaluate for this section.,
DOC-0136477A,DOCUMENT-LEVEL,,5.6-sanity_report,PASS,,"Pipeline completed successfully end-to-end (279/279 sections built, no hard-abort). bookmark_sanity is a hard-abort stage (out_of_order = hard failure) - a completed run is indirect but conclusive evidence that no ordering violation was detected.","Could not inspect sanity_report content directly: the metrics.json export button added to the Metrics page (this session) only bundles summary/stage_times/validation, NOT sanity_report - a gap in that export, worth adding in a follow-up. PipelineResult.sanity_report (BookmarkSanityReport) exists in code (src/pipeline/pipeline.py:63) but has no UI/export surface currently."
